file_id,source_id,relative_path,original_path,sha256,bytes,characters,characters_no_ws,utf8_valid,is_empty
SHSRC0001_index,SHSRC0001,02_source_texts/SHSRC0001/index.txt,data/corpus_raw/jingui/書籍/傷寒兼證析義/index.txt,6cf90519a6c248109b66bb64096a5a7d1eeb2f5bdca3a3839b32edd6fea9c5ff,206012,70608,68088,True,False
SHSRC0002_index,SHSRC0002,02_source_texts/SHSRC0002/index.txt,data/corpus_raw/shanghan/書籍/中寒論辯證廣注/index.txt,6c56f9abfc1eb5e94ccdf33d240a273f26e9bef086b76e672132b1d09816d920,160857,54967,53262,True,False
SHSRC0003_1,SHSRC0003,02_source_texts/SHSRC0003/1.txt,data/corpus_raw/shanghan/書籍/仲景傷寒補亡論/1.txt,cb1b170f4dba59b52c6f9fb8a913320da3d51ead39e3b105e7eeefeb6b80210c,882,310,302,True,False
SHSRC0003_10,SHSRC0003,02_source_texts/SHSRC0003/10.txt,data/corpus_raw/shanghan/書籍/仲景傷寒補亡論/10.txt,d84e9c0b0d592f718f78164e3aa86a74689439011d92720e901ceeee78a5e0f7,17295,5953,5688,True,False
SHSRC0003_11,SHSRC0003,02_source_texts/SHSRC0003/11.txt,data/corpus_raw/shanghan/書籍/仲景傷寒補亡論/11.txt,5029d6cf7227371c01b1e933f6064e5cefb2add2726888e1d48c278312966a66,21780,7492,7184,True,False
SHSRC0003_12,SHSRC0003,02_source_texts/SHSRC0003/12.txt,data/corpus_raw/shanghan/書籍/仲景傷寒補亡論/12.txt,6807fca8ee4f0c2cb2c39511550ad095fa151d27823a2b25d3c924eb5835379e,22571,7729,7431,True,False
SHSRC0003_13,SHSRC0003,02_source_texts/SHSRC0003/13.txt,data/corpus_raw/shanghan/書籍/仲景傷寒補亡論/13.txt,1bcc34c798570baff8adf86dc4f35f7af32a17f7e56e1b76b2375e32c649d370,11894,4094,3941,True,False
SHSRC0003_14,SHSRC0003,02_source_texts/SHSRC0003/14.txt,data/corpus_raw/shanghan/書籍/仲景傷寒補亡論/14.txt,38327b4974847922904da0823e5132eb289ed41918ef6b4451bc1383b06aecf7,21815,7469,7196,True,False
SHSRC0003_15,SHSRC0003,02_source_texts/SHSRC0003/15.txt,data/corpus_raw/shanghan/書籍/仲景傷寒補亡論/15.txt,f6e482b4bb958880ee658ed515f77ecfe78a4e3e03a927161a091080fdb7f1fa,17332,5928,5720,True,False
SHSRC0003_16,SHSRC0003,02_source_texts/SHSRC0003/16.txt,data/corpus_raw/shanghan/書籍/仲景傷寒補亡論/16.txt,fc64cc4877a7a9296f62449a391ffcc53d03ce6b51ba7bcfe0ddb6c082d744aa,21016,7280,6963,True,False
SHSRC0003_17,SHSRC0003,02_source_texts/SHSRC0003/17.txt,data/corpus_raw/shanghan/書籍/仲景傷寒補亡論/17.txt,9d895c87f72efde339a10c507da0326c93ad411dc7d7a7975de3b578dd456b29,26624,9084,8826,True,False
SHSRC0003_18,SHSRC0003,02_source_texts/SHSRC0003/18.txt,data/corpus_raw/shanghan/書籍/仲景傷寒補亡論/18.txt,4e7373a41eda51b3a19717d5e7f0c1e065b2aaf330b7748c8af3c2c593fe5d5b,23289,7935,7723,True,False
SHSRC0003_19,SHSRC0003,02_source_texts/SHSRC0003/19.txt,data/corpus_raw/shanghan/書籍/仲景傷寒補亡論/19.txt,0c838c7ece36939768ddac2a3af61d601fa3d3b5fab55507a08434bf95979be3,23698,8118,7847,True,False
SHSRC0003_2,SHSRC0003,02_source_texts/SHSRC0003/2.txt,data/corpus_raw/shanghan/書籍/仲景傷寒補亡論/2.txt,bbed0bc3f1aae2def7529df0c79e25fd9b982047660eebec03436d6f180efeb0,1342,470,453,True,False
SHSRC0003_20,SHSRC0003,02_source_texts/SHSRC0003/20.txt,data/corpus_raw/shanghan/書籍/仲景傷寒補亡論/20.txt,25d46afefb7f52d705ae72b20931da8a2a60c0d2be66f61c11c2acd358926a50,68,32,30,True,False
SHSRC0003_21,SHSRC0003,02_source_texts/SHSRC0003/21.txt,data/corpus_raw/shanghan/書籍/仲景傷寒補亡論/21.txt,03a2ce3a5915ffb750593eb2d22c4de15c53cf5f315cfede7874105f9d5c9e63,27593,9439,9021,True,False
SHSRC0003_22,SHSRC0003,02_source_texts/SHSRC0003/22.txt,data/corpus_raw/shanghan/書籍/仲景傷寒補亡論/22.txt,9f717e17dd52221c581b34621de31beb1c2d626ca31747af9dd73ee2593c7172,18118,6174,6021,True,False
SHSRC0003_23,SHSRC0003,02_source_texts/SHSRC0003/23.txt,data/corpus_raw/shanghan/書籍/仲景傷寒補亡論/23.txt,9c1e8ca3756a20892035b41e52573e75650f9c1a01fe21d0c8237274f02e06d6,22058,7594,7274,True,False
SHSRC0003_24,SHSRC0003,02_source_texts/SHSRC0003/24.txt,data/corpus_raw/shanghan/書籍/仲景傷寒補亡論/24.txt,e9c04c6f75de6543906e0621520fc1b8fd4347e9a9e51627a341a4de3b796e52,12633,4287,4188,True,False
SHSRC0003_25,SHSRC0003,02_source_texts/SHSRC0003/25.txt,data/corpus_raw/shanghan/書籍/仲景傷寒補亡論/25.txt,c77c162d083887aec484dfb8bb4856140a720c8a927d8c3dee8573a65e9912ee,757,267,261,True,False
SHSRC0003_3,SHSRC0003,02_source_texts/SHSRC0003/3.txt,data/corpus_raw/shanghan/書籍/仲景傷寒補亡論/3.txt,c5882055f27db170c5a714c615d4db0b8d772ffaaef60cb6c53d7f5b1e25ad40,2411,821,811,True,False
SHSRC0003_4,SHSRC0003,02_source_texts/SHSRC0003/4.txt,data/corpus_raw/shanghan/書籍/仲景傷寒補亡論/4.txt,83ef6fbd372949ee9b65fd1db1eacfa8b1f611798b7db05b234d9871975acc36,4386,1494,1461,True,False
SHSRC0003_5,SHSRC0003,02_source_texts/SHSRC0003/5.txt,data/corpus_raw/shanghan/書籍/仲景傷寒補亡論/5.txt,cb0fb6f8cc9751f272362b4ae875674a0a098c55c0d610527aa0d18450e59096,16944,5784,5629,True,False
SHSRC0003_6,SHSRC0003,02_source_texts/SHSRC0003/6.txt,data/corpus_raw/shanghan/書籍/仲景傷寒補亡論/6.txt,cb7569c6fbdfa7e2f784bcf6e781c7c08a1fd6b264c9de3f232b11f04c5dfed4,9139,3129,3022,True,False
SHSRC0003_7,SHSRC0003,02_source_texts/SHSRC0003/7.txt,data/corpus_raw/shanghan/書籍/仲景傷寒補亡論/7.txt,0c2db788963e5084dfcb70a732a4f770867bf7cff9fe44d3f69a95825565ab62,10004,3428,3303,True,False
SHSRC0003_8,SHSRC0003,02_source_texts/SHSRC0003/8.txt,data/corpus_raw/shanghan/書籍/仲景傷寒補亡論/8.txt,66e59422a064e06ef378cd1a045963045ea91925bc2c5a84f2fdf17b3621d24e,30680,10460,10132,True,False
SHSRC0003_9,SHSRC0003,02_source_texts/SHSRC0003/9.txt,data/corpus_raw/shanghan/書籍/仲景傷寒補亡論/9.txt,c5bdd96407e8307424c9a17c9db21abe4bfb172ba0353f10d6c4c9cb42e14ebc,21028,7184,6937,True,False
SHSRC0003_index,SHSRC0003,02_source_texts/SHSRC0003/index.txt,data/corpus_raw/shanghan/書籍/仲景傷寒補亡論/index.txt,2666a1546489dd2fd675144edd927422d47c78bf8a1d432c5d0fb1dfcfb91ad2,139,77,68,True,False
SHSRC0003_menu,SHSRC0003,02_source_texts/SHSRC0003/menu.txt,data/corpus_raw/shanghan/書籍/仲景傷寒補亡論/menu.txt,65ab27eda979225049115030f91251fea80d32e8e7aaa7ad2829c186feb4895e,300,170,144,True,False
SHSRC0004_index,SHSRC0004,02_source_texts/SHSRC0004/index.txt,data/corpus_raw/shanghan/書籍/傷寒九十論/index.txt,4b5e72d88a78f5c1320f053daff3e4301db2e589c5f13ce62645213c02faa241,72704,25380,24554,True,False
SHSRC0005_1,SHSRC0005,02_source_texts/SHSRC0005/1.txt,data/corpus_raw/shanghan/書籍/傷寒來蘇集/1.txt,260db620348a9980751060153c7f32dcc8cbf1fbeaaa33bc119c672d74c3ae96,60953,20933,20142,True,False
SHSRC0005_2,SHSRC0005,02_source_texts/SHSRC0005/2.txt,data/corpus_raw/shanghan/書籍/傷寒來蘇集/2.txt,14e191526f1505181cffc3eeb09799b9235f55f135c9507163b3a91d3fe57216,82596,28424,27337,True,False
SHSRC0005_3,SHSRC0005,02_source_texts/SHSRC0005/3.txt,data/corpus_raw/shanghan/書籍/傷寒來蘇集/3.txt,a94c181761928358b22ebb0be96abeb7b7a8e9c2316252c281c60c45dc012b1f,100174,34474,33143,True,False
SHSRC0005_4,SHSRC0005,02_source_texts/SHSRC0005/4.txt,data/corpus_raw/shanghan/書籍/傷寒來蘇集/4.txt,a85a210c0ce4d96d451088ad538a07591669c78f7edd38ea5517e825be0e85f6,72645,25153,24097,True,False
SHSRC0005_index,SHSRC0005,02_source_texts/SHSRC0005/index.txt,data/corpus_raw/shanghan/書籍/傷寒來蘇集/index.txt,8522b214f91c4775a83bd5001a5bd4b545bcacf76d6d7c19728a22a0e0ddb0c1,140,76,65,True,False
SHSRC0005_menu,SHSRC0005,02_source_texts/SHSRC0005/menu.txt,data/corpus_raw/shanghan/書籍/傷寒來蘇集/menu.txt,885e9c438710ff203d11378b456fea276ab821cc40f12aed5cf0964823f4a531,95,49,44,True,False
SHSRC0006_1,SHSRC0006,02_source_texts/SHSRC0006/1.txt,data/corpus_raw/shanghan/書籍/傷寒六書/1.txt,12c8233b23bcf88f4e6ae3b257dc3c04153eb3a17ffbd9385ccc1499c99d948a,1610,550,545,True,False
SHSRC0006_2,SHSRC0006,02_source_texts/SHSRC0006/2.txt,data/corpus_raw/shanghan/書籍/傷寒六書/2.txt,4c3cd7acac0bb5fbe2e128032d8f98f116c345d3a6aed1c47178fa2a8a2d2a47,1846,626,620,True,False
SHSRC0006_3,SHSRC0006,02_source_texts/SHSRC0006/3.txt,data/corpus_raw/shanghan/書籍/傷寒六書/3.txt,3de470113978cf4a2940bbb0532afed249a50f390bbf86effdb517b945246096,1109,383,378,True,False
SHSRC0006_4,SHSRC0006,02_source_texts/SHSRC0006/4.txt,data/corpus_raw/shanghan/書籍/傷寒六書/4.txt,e7cff1e1e61d628fa95a7101479adea96ce294c12e9b17ffde3c104c0dac5238,53044,18076,17657,True,False
SHSRC0006_5,SHSRC0006,02_source_texts/SHSRC0006/5.txt,data/corpus_raw/shanghan/書籍/傷寒六書/5.txt,cf2fbdee025a1ab33e270ac47651234e130ebbaaa541550328d69de681ef4d3e,72891,25293,24752,True,False
SHSRC0006_6,SHSRC0006,02_source_texts/SHSRC0006/6.txt,data/corpus_raw/shanghan/書籍/傷寒六書/6.txt,0f27cb598853d6f7c58a29835d3c54760682f93fbfbd09b1c8aee84944c35698,34279,11829,11085,True,False
SHSRC0006_7,SHSRC0006,02_source_texts/SHSRC0006/7.txt,data/corpus_raw/shanghan/書籍/傷寒六書/7.txt,ca0262203ab5115e3ae10462264802e92da42eebef6e76e2fe5518c19c27daf2,21590,7402,7218,True,False
SHSRC0006_8,SHSRC0006,02_source_texts/SHSRC0006/8.txt,data/corpus_raw/shanghan/書籍/傷寒六書/8.txt,3cf31ccdd1233c1212aeb5cb7fb0b266dd2735d0fda75196dcd14cb83f931c95,23269,7967,7813,True,False
SHSRC0006_9,SHSRC0006,02_source_texts/SHSRC0006/9.txt,data/corpus_raw/shanghan/書籍/傷寒六書/9.txt,ecf1c80ee68107c8316e7d103c7740a796d81942b9bf9d96c8d7b6fd2404d526,87467,30461,29314,True,False
SHSRC0006_index,SHSRC0006,02_source_texts/SHSRC0006/index.txt,data/corpus_raw/shanghan/書籍/傷寒六書/index.txt,4e3eb5e9d6ed82ac21d75f277f36db0189d5f5a6b72040a0f8e154379482f2e7,126,76,66,True,False
SHSRC0006_menu,SHSRC0006,02_source_texts/SHSRC0006/menu.txt,data/corpus_raw/shanghan/書籍/傷寒六書/menu.txt,f45d7612010cba48a565b588a912842757e9aae8e4150eec6dad65712e364442,254,112,102,True,False
SHSRC0007_1,SHSRC0007,02_source_texts/SHSRC0007/1.txt,data/corpus_raw/shanghan/書籍/傷寒大白/1.txt,66b65f644ee7f57267aa593cd6996bfa8317a1d8cbb43472ebdd9d2b33aa1cd8,4952,1676,1659,True,False
SHSRC0007_2,SHSRC0007,02_source_texts/SHSRC0007/2.txt,data/corpus_raw/shanghan/書籍/傷寒大白/2.txt,50ab6d7972b14737d18595c2759f44866e1ccc82b6a68db3d51e20810e030d6d,29580,10140,10000,True,False
SHSRC0007_3,SHSRC0007,02_source_texts/SHSRC0007/3.txt,data/corpus_raw/shanghan/書籍/傷寒大白/3.txt,682ee01bf61491802cb86fb276fa89cff1cc3342a2069b947c0f16a96b37e777,66579,23217,21827,True,False
SHSRC0007_4,SHSRC0007,02_source_texts/SHSRC0007/4.txt,data/corpus_raw/shanghan/書籍/傷寒大白/4.txt,b505fcea1f07b000cfa83913722dddc244cc63d89c9a137d0c6b65ac7f42d924,88917,30967,29295,True,False
SHSRC0007_5,SHSRC0007,02_source_texts/SHSRC0007/5.txt,data/corpus_raw/shanghan/書籍/傷寒大白/5.txt,489db32d5721adb789d86603c1c0128bdda51ae1f854d68026317bed85f22c7a,93207,32521,30721,True,False
SHSRC0007_6,SHSRC0007,02_source_texts/SHSRC0007/6.txt,data/corpus_raw/shanghan/書籍/傷寒大白/6.txt,ace501fe865917a047aa32dd243fabe3f634297702bd45ad56ff674502e96760,72849,25267,24028,True,False
SHSRC0007_index,SHSRC0007,02_source_texts/SHSRC0007/index.txt,data/corpus_raw/shanghan/書籍/傷寒大白/index.txt,5ef19e02585b2b40d8adec3195dc45e7cae9667b65513e317eefea105b2d0621,129,77,67,True,False
SHSRC0007_menu,SHSRC0007,02_source_texts/SHSRC0007/menu.txt,data/corpus_raw/shanghan/書籍/傷寒大白/menu.txt,20f01c26ae1eb0dbba4466be9711c88de5d89ce1e169633ec81d4e0a661eb0bf,65,43,36,True,False
SHSRC0008_index,SHSRC0008,02_source_texts/SHSRC0008/index.txt,data/corpus_raw/shanghan/書籍/傷寒審證表/index.txt,ab0e93fa85971039309f21502c0b4910d34e029523da857e26f37c8ea77d6a25,58146,20060,19040,True,False
SHSRC0009_index,SHSRC0009,02_source_texts/SHSRC0009/index.txt,data/corpus_raw/shanghan/書籍/傷寒尋源/index.txt,7c0f3d885e2bf3f6b29943bb55d5f9b9c14ce846881268ff86428244f5de30d1,245802,84466,81869,True,False
SHSRC0010_index,SHSRC0010,02_source_texts/SHSRC0010/index.txt,data/corpus_raw/shanghan/書籍/傷寒心要_1/index.txt,dbf10ea9098db96c27e8a5b0092f6e1a5a881c2af9d75d56482a969f1440f746,12949,4777,4409,True,False
SHSRC0011_index,SHSRC0011,02_source_texts/SHSRC0011/index.txt,data/corpus_raw/shanghan/書籍/傷寒心鏡別集/index.txt,9080f8cda2a15bff16eb5e7f5184afcef5611cdb0ee1a85fd61a4fb77d320fca,3919,1401,1359,True,False
SHSRC0012_1,SHSRC0012,02_source_texts/SHSRC0012/1.txt,data/corpus_raw/shanghan/書籍/傷寒恆論/1.txt,a1858aea9dc7b5cbc83c26db148ce95905dfdb8fb18418b2ed518965cc228f04,2008,726,717,True,False
SHSRC0012_10,SHSRC0012,02_source_texts/SHSRC0012/10.txt,data/corpus_raw/shanghan/書籍/傷寒恆論/10.txt,69d0dd0e5c397fe42e390f1910a3ad466cde3c4bed0b72b93076273f5d2b104d,38108,13446,13082,True,False
SHSRC0012_11,SHSRC0012,02_source_texts/SHSRC0012/11.txt,data/corpus_raw/shanghan/書籍/傷寒恆論/11.txt,73d369bcad9316d68783a9739ee14c193e68b85914c27a23dc262c91b2d5810e,29476,10363,10061,True,False
SHSRC0012_12,SHSRC0012,02_source_texts/SHSRC0012/12.txt,data/corpus_raw/shanghan/書籍/傷寒恆論/12.txt,92551058cf5c7a5a09ca5a08d696a74262af49349ffa8f8d53af6e7f3dfd4c88,7592,2690,2611,True,False
SHSRC0012_13,SHSRC0012,02_source_texts/SHSRC0012/13.txt,data/corpus_raw/shanghan/書籍/傷寒恆論/13.txt,aefd06ad68b4c203c5fb25296a3db82ecf2770ef30331a0c8584dbf77ea6b174,44212,15612,15162,True,False
SHSRC0012_14,SHSRC0012,02_source_texts/SHSRC0012/14.txt,data/corpus_raw/shanghan/書籍/傷寒恆論/14.txt,3cbb7463aa9df0f6fb667eb66aaec8ebf2c2ba43c9c3c5c6d1b074976a95ff97,8872,3166,3057,True,False
SHSRC0012_15,SHSRC0012,02_source_texts/SHSRC0012/15.txt,data/corpus_raw/shanghan/書籍/傷寒恆論/15.txt,170903c52de4d39cb44b4a48671ae45ab036a2d7793bf2695258f396e75f41d3,48676,17094,16530,True,False
SHSRC0012_16,SHSRC0012,02_source_texts/SHSRC0012/16.txt,data/corpus_raw/shanghan/書籍/傷寒恆論/16.txt,14aed8e0db6292cb9596597870df767cb7623a7e9c5ef77a21e77bb10ab09cee,57489,20335,19627,True,False
SHSRC0012_17,SHSRC0012,02_source_texts/SHSRC0012/17.txt,data/corpus_raw/shanghan/書籍/傷寒恆論/17.txt,cd106700a7b82e711e9c31e56702297c2d2d31bbcb0d288b68820f637a2268c2,13001,4437,4382,True,False
SHSRC0012_18,SHSRC0012,02_source_texts/SHSRC0012/18.txt,data/corpus_raw/shanghan/書籍/傷寒恆論/18.txt,a7a5c80b756a40392c31433139f20dca0cf14ddaa57d24d38eabc86039bc7bcf,4713,1691,1619,True,False
SHSRC0012_19,SHSRC0012,02_source_texts/SHSRC0012/19.txt,data/corpus_raw/shanghan/書籍/傷寒恆論/19.txt,531131fce3e5461b5d554241a9da2630d82e11aa4504e9efe0cb8fe156c0f582,1686,584,574,True,False
SHSRC0012_2,SHSRC0012,02_source_texts/SHSRC0012/2.txt,data/corpus_raw/shanghan/書籍/傷寒恆論/2.txt,47845a9916c4a9e56f07e293d7d875e53429d099f359742969833213dc83d179,906,318,310,True,False
SHSRC0012_3,SHSRC0012,02_source_texts/SHSRC0012/3.txt,data/corpus_raw/shanghan/書籍/傷寒恆論/3.txt,1847e89c0a9d8c41e352dfaffe54b60932528d7a1cc9ee1060ce3b9aa207cdb3,2244,760,754,True,False
SHSRC0012_4,SHSRC0012,02_source_texts/SHSRC0012/4.txt,data/corpus_raw/shanghan/書籍/傷寒恆論/4.txt,547b27a0a0f2ae75f0b7d04c9606d643be3d1a09a9d6174e957244683b78ad55,6168,2092,2070,True,False
SHSRC0012_5,SHSRC0012,02_source_texts/SHSRC0012/5.txt,data/corpus_raw/shanghan/書籍/傷寒恆論/5.txt,f75fe43e42cb651eb1ff078449f1c1920e1b1ef22359a6139d0410d216a5d123,1401,487,471,True,False
SHSRC0012_6,SHSRC0012,02_source_texts/SHSRC0012/6.txt,data/corpus_raw/shanghan/書籍/傷寒恆論/6.txt,7b54a2e744bd72372898d3b203f311a0ebcbf284ef842cdf49fe6b2fa6e53a15,6942,2732,2197,True,False
SHSRC0012_7,SHSRC0012,02_source_texts/SHSRC0012/7.txt,data/corpus_raw/shanghan/書籍/傷寒恆論/7.txt,9e7995e1c9be96fc178c737f754b7f1832f376eadabf704d3748fa466d5ad17f,79615,28262,27631,True,False
SHSRC0012_8,SHSRC0012,02_source_texts/SHSRC0012/8.txt,data/corpus_raw/shanghan/書籍/傷寒恆論/8.txt,e1f8702c8d7ec8ea91502e0fb318b3d982171060958646c2ee1bf7f56ea3373f,87260,31146,30231,True,False
SHSRC0012_9,SHSRC0012,02_source_texts/SHSRC0012/9.txt,data/corpus_raw/shanghan/書籍/傷寒恆論/9.txt,63ec4e79f91bff9b7ae4f9b489eb7da676830cc0237f8780535625a1c77a16da,40691,14353,13944,True,False
SHSRC0012_index,SHSRC0012,02_source_texts/SHSRC0012/index.txt,data/corpus_raw/shanghan/書籍/傷寒恆論/index.txt,36df842a11da6529755869a61b8d68a29aac4f40b5847be84ccb1c18793eaea5,84,52,46,True,False
SHSRC0012_menu,SHSRC0012,02_source_texts/SHSRC0012/menu.txt,data/corpus_raw/shanghan/書籍/傷寒恆論/menu.txt,5fcdd837616f0d27bc4a3f1bffd4568f8f27d68cea21fa9f2906bebc9c08050c,372,178,158,True,False
SHSRC0013_index,SHSRC0013,02_source_texts/SHSRC0013/index.txt,data/corpus_raw/shanghan/書籍/傷寒懸解/index.txt,87c534c886e4c7a6b46955f24e187a14cc40d30c9d0e9fcc36f40e75b2238c25,225124,78214,75881,True,False
SHSRC0014_index,SHSRC0014,02_source_texts/SHSRC0014/index.txt,data/corpus_raw/shanghan/書籍/傷寒括要/index.txt,d43bb4f803e6260123ffbfcf50246d432ac19a181fb42917d3c5e71302543056,183395,63959,61129,True,False
SHSRC0015_1,SHSRC0015,02_source_texts/SHSRC0015/1.txt,data/corpus_raw/shanghan/書籍/傷寒指掌/1.txt,e17b1a64ccd72aa280ba3b8c2156b7de46c480335ea7aac0236de8bc3dad8a3e,1567,541,529,True,False
SHSRC0015_2,SHSRC0015,02_source_texts/SHSRC0015/2.txt,data/corpus_raw/shanghan/書籍/傷寒指掌/2.txt,5dbda11a84796c15dbf175a12b4582145d7c2ff2b2502ab13b20c8a1e9485f5c,2995,1021,1002,True,False
SHSRC0015_3,SHSRC0015,02_source_texts/SHSRC0015/3.txt,data/corpus_raw/shanghan/書籍/傷寒指掌/3.txt,21f9e93a90b687b9c519ea59f7077e3829ca28cc32a3bc558de2c36c29cdb499,82138,28500,27236,True,False
SHSRC0015_4,SHSRC0015,02_source_texts/SHSRC0015/4.txt,data/corpus_raw/shanghan/書籍/傷寒指掌/4.txt,a1b1eb1bec45e6bfdc338f1619d1bcf29d003c019bb55e10a37bb244edc622a5,72857,25131,24130,True,False
SHSRC0015_5,SHSRC0015,02_source_texts/SHSRC0015/5.txt,data/corpus_raw/shanghan/書籍/傷寒指掌/5.txt,00d946ac744657236145b0726ab3d19e6e93035afb4992bb8da84e78fe79cd66,122086,41794,40221,True,False
SHSRC0015_6,SHSRC0015,02_source_texts/SHSRC0015/6.txt,data/corpus_raw/shanghan/書籍/傷寒指掌/6.txt,9145ca264a377ddb1ef7dbf24ba3239693e5fa1755c8e17b50beaf56eba2ca99,87696,30056,28987,True,False
SHSRC0015_index,SHSRC0015,02_source_texts/SHSRC0015/index.txt,data/corpus_raw/shanghan/書籍/傷寒指掌/index.txt,909cda7d722f2bc8bda9c8849091d970cb763a96fde1c28e5a16e9d502caeeec,129,77,67,True,False
SHSRC0015_menu,SHSRC0015,02_source_texts/SHSRC0015/menu.txt,data/corpus_raw/shanghan/書籍/傷寒指掌/menu.txt,65f57ad22499fd3fbb0357b0aada2067f95226a1f15a04ae892c53aa7db744c9,68,44,37,True,False
SHSRC0016_index,SHSRC0016,02_source_texts/SHSRC0016/index.txt,data/corpus_raw/shanghan/書籍/傷寒捷訣/index.txt,1d86658fdbaf6e5ffc48946e275bc173a8528c64d42785cc17c3326f82408de8,60412,21308,20538,True,False
SHSRC0017_index,SHSRC0017,02_source_texts/SHSRC0017/index.txt,data/corpus_raw/shanghan/書籍/傷寒明理論/index.txt,8db237f1c7e3adc24b58a9c76890216c7a02899849904de02f74036f641a7510,121271,41405,40422,True,False
SHSRC0018_index,SHSRC0018,02_source_texts/SHSRC0018/index.txt,data/corpus_raw/shanghan/書籍/傷寒明理論_1/index.txt,dc76f1ed9faf340218445878a4bc7e10fcd153cf04fd587aa578219200ab2771,120620,41586,40143,True,False
SHSRC0019_index,SHSRC0019,02_source_texts/SHSRC0019/index.txt,data/corpus_raw/shanghan/書籍/傷寒標本心法類萃/index.txt,08de798117efc5a86465f621684c17731fc538daf2614f5e80d3913712ecc1ce,46237,16317,15342,True,False
SHSRC0020_index,SHSRC0020,02_source_texts/SHSRC0020/index.txt,data/corpus_raw/shanghan/書籍/傷寒標本心法類萃_1/index.txt,06974b457a8e7cf21d2278b04d8761d3e4523ff936cbe37ac007cc9b907c09d9,40588,14562,13888,True,False
SHSRC0021_index,SHSRC0021,02_source_texts/SHSRC0021/index.txt,data/corpus_raw/shanghan/書籍/傷寒法祖/index.txt,cf57613372bd8ede7bba8f0cd2c851d094d9312355a33f08204fd9e5247d5f5d,122313,41355,40600,True,False
SHSRC0022_1,SHSRC0022,02_source_texts/SHSRC0022/1.txt,data/corpus_raw/shanghan/書籍/傷寒溯源集/1.txt,ef9fac20eb87801f051f1d61b5871b2e4b2a694ed1f5d2ccc123037131a8767e,2019,689,677,True,False
SHSRC0022_10,SHSRC0022,02_source_texts/SHSRC0022/10.txt,data/corpus_raw/shanghan/書籍/傷寒溯源集/10.txt,e9b85046ce1be52c5304cce10afa7b986b9bc97ee91cd8186812c0bc1c5e79cd,83991,28585,27740,True,False
SHSRC0022_11,SHSRC0022,02_source_texts/SHSRC0022/11.txt,data/corpus_raw/shanghan/書籍/傷寒溯源集/11.txt,e6497ab7d9f3297bfe129a26d30f918626ad81d90c6148fbf7ce378862b16af5,38323,13053,12686,True,False
SHSRC0022_12,SHSRC0022,02_source_texts/SHSRC0022/12.txt,data/corpus_raw/shanghan/書籍/傷寒溯源集/12.txt,30ed0af44bc4fd4065bcae72ef3e112f7f25019f37b6ae2581f335a68a77aff0,59803,20453,19735,True,False
SHSRC0022_13,SHSRC0022,02_source_texts/SHSRC0022/13.txt,data/corpus_raw/shanghan/書籍/傷寒溯源集/13.txt,7f6160b7023f8481ce5c1a760a5e237c66e03f1533953fb72d0f721672fbbaf4,67266,22958,22153,True,False
SHSRC0022_14,SHSRC0022,02_source_texts/SHSRC0022/14.txt,data/corpus_raw/shanghan/書籍/傷寒溯源集/14.txt,a2b22100f4b1333162026ef609bd6065f2d7475bdc2e1b582e1883a2f663bf9a,35722,12130,11845,True,False
SHSRC0022_2,SHSRC0022,02_source_texts/SHSRC0022/2.txt,data/corpus_raw/shanghan/書籍/傷寒溯源集/2.txt,07da83e4dcfbd774e375d7cbed83614f89ae25c258b65116b5ca8bd23cff1c11,4112,1396,1371,True,False
SHSRC0022_3,SHSRC0022,02_source_texts/SHSRC0022/3.txt,data/corpus_raw/shanghan/書籍/傷寒溯源集/3.txt,25e630a8166327fdca82f75cf7c477382cc4c6ef3202a7947c7bf57ac3276afa,9100,3076,3025,True,False
SHSRC0022_4,SHSRC0022,02_source_texts/SHSRC0022/4.txt,data/corpus_raw/shanghan/書籍/傷寒溯源集/4.txt,8cf6d457844e1e3de94c0406253e6cd23eaa3584f929631064d07b341c835b56,94855,32213,31366,True,False
SHSRC0022_5,SHSRC0022,02_source_texts/SHSRC0022/5.txt,data/corpus_raw/shanghan/書籍/傷寒溯源集/5.txt,ac192c81222e4c8a9926ecf752da48ac48e8c71d7e8cd1bee2a2f13508ece0b7,57288,19504,18916,True,False
SHSRC0022_6,SHSRC0022,02_source_texts/SHSRC0022/6.txt,data/corpus_raw/shanghan/書籍/傷寒溯源集/6.txt,05938a80f128922534abeca4d3ef69fcbb4e39b1edad7361786e4dff48cfb41a,79052,26856,26106,True,False
SHSRC0022_7,SHSRC0022,02_source_texts/SHSRC0022/7.txt,data/corpus_raw/shanghan/書籍/傷寒溯源集/7.txt,725fc768efc26c162d2929efe9954ea96a9df1bafc8caed20e1ec33fff58d449,60501,20571,19980,True,False
SHSRC0022_8,SHSRC0022,02_source_texts/SHSRC0022/8.txt,data/corpus_raw/shanghan/書籍/傷寒溯源集/8.txt,0af088546c7000a76ec306dca0cc025d555fbd3e70807e49a810f60b1fc071ee,57595,19577,18977,True,False
SHSRC0022_9,SHSRC0022,02_source_texts/SHSRC0022/9.txt,data/corpus_raw/shanghan/書籍/傷寒溯源集/9.txt,cde4924dea193f9488f1b0deb277601919b08bf61788d732c856a03d892e0f71,100116,34220,33033,True,False
SHSRC0022_index,SHSRC0022,02_source_texts/SHSRC0022/index.txt,data/corpus_raw/shanghan/書籍/傷寒溯源集/index.txt,ab0b59fa4a9fd83fece4a56fc4e45d7a3bbb7852409ad5524dc76aef60f75255,132,78,68,True,False
SHSRC0022_menu,SHSRC0022,02_source_texts/SHSRC0022/menu.txt,data/corpus_raw/shanghan/書籍/傷寒溯源集/menu.txt,01cc92dea43877118d4e11225fd423437e86865931c84ae155e1c6f0dc154085,172,98,83,True,False
SHSRC0023_index,SHSRC0023,02_source_texts/SHSRC0023/index.txt,data/corpus_raw/shanghan/書籍/傷寒發微論/index.txt,3ead8e3885871d368bd778dcc59111e0b9212628eaac19c9b139b99bff5bc417,28274,9842,9444,True,False
SHSRC0024_index,SHSRC0024,02_source_texts/SHSRC0024/index.txt,data/corpus_raw/shanghan/書籍/傷寒百證歌/index.txt,6fc18d32d5a0d7ae4f1c4bb13ecf6f692200c64f51b364b4442e1c68b3a1549d,108106,37178,36266,True,False
SHSRC0025_index,SHSRC0025,02_source_texts/SHSRC0025/index.txt,data/corpus_raw/shanghan/書籍/傷寒直格/index.txt,bbc19da14fe7978cfa9a5c4c5fa1e73f88b4042555fd88fb353ba7ece3ea95d6,110613,38077,36679,True,False
SHSRC0026_index,SHSRC0026,02_source_texts/SHSRC0026/index.txt,data/corpus_raw/shanghan/書籍/傷寒直格_1/index.txt,9f76515224ed69c4539ce1d688e8a78d0932dd2bc75092759f17c16b2af463c1,108107,37234,36040,True,False
SHSRC0027_index,SHSRC0027,02_source_texts/SHSRC0027/index.txt,data/corpus_raw/shanghan/書籍/傷寒總病論/index.txt,25ba5e86a393fda180995a38a44d3a0ecf5a0dce7e35703c9fbb02cc8045d62d,207695,72945,67987,True,False
SHSRC0028_index,SHSRC0028,02_source_texts/SHSRC0028/index.txt,data/corpus_raw/shanghan/書籍/傷寒總病論_1/index.txt,8036339c017fd5cf41f42f0d9897f91b0cb85aef2a11e9ac758264a7f76e3755,201652,71664,68772,True,False
SHSRC0029_1,SHSRC0029,02_source_texts/SHSRC0029/1.txt,data/corpus_raw/shanghan/書籍/傷寒纘論/1.txt,62a341332657850cad2b78f69704cb6afa92d26092fae41e3d3d51adece56b34,1502,514,509,True,False
SHSRC0029_2,SHSRC0029,02_source_texts/SHSRC0029/2.txt,data/corpus_raw/shanghan/書籍/傷寒纘論/2.txt,a9810a51d014c1f98571675935c2dcbea2734ec822dffd498cfb379b08b448f1,159456,54368,52586,True,False
SHSRC0029_3,SHSRC0029,02_source_texts/SHSRC0029/3.txt,data/corpus_raw/shanghan/書籍/傷寒纘論/3.txt,29eb41689615f7d9a916053d6502c90d8fad4a2f1c8ca70f3cab8a93d0e974d7,105389,35879,34787,True,False
SHSRC0029_4,SHSRC0029,02_source_texts/SHSRC0029/4.txt,data/corpus_raw/shanghan/書籍/傷寒纘論/4.txt,86ccaa22b639b85d6f3e61f6936aca8c6c945f32d005d3d2e6f17f244923834f,43774,15866,14650,True,False
SHSRC0029_index,SHSRC0029,02_source_texts/SHSRC0029/index.txt,data/corpus_raw/shanghan/書籍/傷寒纘論/index.txt,78dcb02656d1af9ee9dd8be8394dd501791f0b1da6231d934dac29660352035a,126,76,66,True,False
SHSRC0029_menu,SHSRC0029,02_source_texts/SHSRC0029/menu.txt,data/corpus_raw/shanghan/書籍/傷寒纘論/menu.txt,b1904ac783c60a0b2e3e49f8fdca1557b4407e4897c804090a9bb2f13951f8e8,47,33,28,True,False
SHSRC0030_1,SHSRC0030,02_source_texts/SHSRC0030/1.txt,data/corpus_raw/shanghan/書籍/傷寒纘論_傷寒緒論/1.txt,2d4593b5f2f68c632be8ce669693990d4ca367e137b2fcbc535ce3455dd1f156,149,59,57,True,False
SHSRC0030_2,SHSRC0030,02_source_texts/SHSRC0030/2.txt,data/corpus_raw/shanghan/書籍/傷寒纘論_傷寒緒論/2.txt,2bbfdcfec6acadaa61ed815e9d6972d81e906309345aa0b61373b83c4f34583a,2410,834,800,True,False
SHSRC0030_3,SHSRC0030,02_source_texts/SHSRC0030/3.txt,data/corpus_raw/shanghan/書籍/傷寒纘論_傷寒緒論/3.txt,b229b8bedd444148fce2bdd28a9090da8b92d4c40960d07cc9ed2c9a84fc6a6d,167693,57707,55105,True,False
SHSRC0030_4,SHSRC0030,02_source_texts/SHSRC0030/4.txt,data/corpus_raw/shanghan/書籍/傷寒纘論_傷寒緒論/4.txt,e485980ad9131c0fdf3653d886a3987a2719fc57a5ec752ece469333233e68f3,156858,54150,51445,True,False
SHSRC0030_5,SHSRC0030,02_source_texts/SHSRC0030/5.txt,data/corpus_raw/shanghan/書籍/傷寒纘論_傷寒緒論/5.txt,50c2a885db1be58d16fe494a661bc9e4d7115ea4bc8d6cfa9e145cdff8e8db1e,1595,551,534,True,False
SHSRC0030_6,SHSRC0030,02_source_texts/SHSRC0030/6.txt,data/corpus_raw/shanghan/書籍/傷寒纘論_傷寒緒論/6.txt,aae8b202534d18396d4701266890741088f16282c8dc9cb8ed3eed0a47230b10,4077,1405,1354,True,False
SHSRC0030_7,SHSRC0030,02_source_texts/SHSRC0030/7.txt,data/corpus_raw/shanghan/書籍/傷寒纘論_傷寒緒論/7.txt,3c80d33231dea3d19515974359ea4466ec995d9900a7aaeee71596db5e3590a0,186068,63458,61389,True,False
SHSRC0030_8,SHSRC0030,02_source_texts/SHSRC0030/8.txt,data/corpus_raw/shanghan/書籍/傷寒纘論_傷寒緒論/8.txt,a05f74e0740dffdd3f8474147f1ace0d4d62c77eb8ee8815882adbd1e8ea5cda,176652,61496,58614,True,False
SHSRC0030_9,SHSRC0030,02_source_texts/SHSRC0030/9.txt,data/corpus_raw/shanghan/書籍/傷寒纘論_傷寒緒論/9.txt,42818d4e814fb43eae9e3c18105d5b51720f7fdf4fce7382a061b25b64768ca8,1139,397,385,True,False
SHSRC0030_index,SHSRC0030,02_source_texts/SHSRC0030/index.txt,data/corpus_raw/shanghan/書籍/傷寒纘論_傷寒緒論/index.txt,0e892c20daa744b0d96081538e4f355158001ac8e57baafef6e7edd116513e0d,153,86,76,True,False
SHSRC0030_menu,SHSRC0030,02_source_texts/SHSRC0030/menu.txt,data/corpus_raw/shanghan/書籍/傷寒纘論_傷寒緒論/menu.txt,705d63ef1840c3bd6c33d37c165ce12a0828e5cceea3b2f0ebf442c0c33088b3,191,91,81,True,False
SHSRC0031_index,SHSRC0031,02_source_texts/SHSRC0031/index.txt,data/corpus_raw/shanghan/書籍/傷寒舌鑑/index.txt,dda0c3aae6c71943b4cd03b593c54da4de8835e616f1c90ae743c6f420b894b3,27917,11154,10570,True,False
SHSRC0032_index,SHSRC0032,02_source_texts/SHSRC0032/index.txt,data/corpus_raw/shanghan/書籍/傷寒補例/index.txt,a1ee23d43cf1ac803c7a743f3adea3f95408848fad60ee35358c87561a76a6b8,54408,18510,18141,True,False
SHSRC0033_index,SHSRC0033,02_source_texts/SHSRC0033/index.txt,data/corpus_raw/shanghan/書籍/傷寒論_條文版/index.txt,18b1073c1b1530fc3a193b63c5e3605dc9d7ad085df9c395d946a453b2a21e9b,89274,35333,33152,True,False
SHSRC0034_index,SHSRC0034,02_source_texts/SHSRC0034/index.txt,data/corpus_raw/shanghan/書籍/傷寒論_千金翼方版/index.txt,b51ad8ad70e8da3c6fc212e1f5d9612d8856f012fe0fab9b4530e4d4c2ce476d,82267,28638,26919,True,False
SHSRC0035_index,SHSRC0035,02_source_texts/SHSRC0035/index.txt,data/corpus_raw/shanghan/書籍/傷寒論_宋本/index.txt,4dacb5460a90978afb6071fa72739662d41ac68729ed7edaa02cbf3a0ecd2ea1,134408,50421,47467,True,False
SHSRC0036_1,SHSRC0036,02_source_texts/SHSRC0036/1.txt,data/corpus_raw/shanghan/書籍/傷寒論條辨/1.txt,5611607190e9ac10642b5cae0811a37903ee92a4153432ac08f3d82923dfceaf,3024,1028,1013,True,False
SHSRC0036_10,SHSRC0036,02_source_texts/SHSRC0036/10.txt,data/corpus_raw/shanghan/書籍/傷寒論條辨/10.txt,e77590f0fd57bb46d82e8608e7689b36d032a546da39f278a49fb21d000f7197,44652,15392,14601,True,False
SHSRC0036_11,SHSRC0036,02_source_texts/SHSRC0036/11.txt,data/corpus_raw/shanghan/書籍/傷寒論條辨/11.txt,e3d97bd687bed8f57fbde563eda207aa444f198513da3e0af692d8414db72c61,22135,7601,7290,True,False
SHSRC0036_12,SHSRC0036,02_source_texts/SHSRC0036/12.txt,data/corpus_raw/shanghan/書籍/傷寒論條辨/12.txt,3d50a98d6b9756cdd75b65347ea97b1bef0ae4241e2ca68bdc7ea916d85d30bb,57580,19724,18938,True,False
SHSRC0036_13,SHSRC0036,02_source_texts/SHSRC0036/13.txt,data/corpus_raw/shanghan/書籍/傷寒論條辨/13.txt,218816a746917d68d921a898846d2a1cfec3538d289bf35adc07a540ae760049,24208,8424,7984,True,False
SHSRC0036_14,SHSRC0036,02_source_texts/SHSRC0036/14.txt,data/corpus_raw/shanghan/書籍/傷寒論條辨/14.txt,ca7ac49e018333a051cb4fbe62069b0d73b7def0cb35e10b6079d48bf40c8a84,2121,723,715,True,False
SHSRC0036_15,SHSRC0036,02_source_texts/SHSRC0036/15.txt,data/corpus_raw/shanghan/書籍/傷寒論條辨/15.txt,15dc74589e0eee3d1bc47004beb29577ab7d6c153ad21aafcb419a5c3a723c95,2658,906,886,True,False
SHSRC0036_16,SHSRC0036,02_source_texts/SHSRC0036/16.txt,data/corpus_raw/shanghan/書籍/傷寒論條辨/16.txt,e5c8777a0a3c4a8a054f62e854ee2a200f7714322543a936805b15fa54482061,34522,11730,11356,True,False
SHSRC0036_17,SHSRC0036,02_source_texts/SHSRC0036/17.txt,data/corpus_raw/shanghan/書籍/傷寒論條辨/17.txt,1100ea5d87634aba6a0551ab8c8ad283a390ce3b369751389a39820a622a8227,35680,12166,11782,True,False
SHSRC0036_18,SHSRC0036,02_source_texts/SHSRC0036/18.txt,data/corpus_raw/shanghan/書籍/傷寒論條辨/18.txt,6228162c6360c9c031c71bec17cfbe37beb4bfea7e9a92997dbe563106a146e6,3091,1057,1031,True,False
SHSRC0036_19,SHSRC0036,02_source_texts/SHSRC0036/19.txt,data/corpus_raw/shanghan/書籍/傷寒論條辨/19.txt,be9a0fd3d3fcfb201cc22982e18ef6be67b1e6dbf0ef04cd0bb7a9b20973ced4,14254,4874,4678,True,False
SHSRC0036_2,SHSRC0036,02_source_texts/SHSRC0036/2.txt,data/corpus_raw/shanghan/書籍/傷寒論條辨/2.txt,0dc73d5d8fb45d8a80ebb75ebcfa4afb3b5df38015d47fa4854c74ab3ed4c1bf,2219,761,745,True,False
SHSRC0036_20,SHSRC0036,02_source_texts/SHSRC0036/20.txt,data/corpus_raw/shanghan/書籍/傷寒論條辨/20.txt,64d17be571dbcb64e852cd2ef35a4fd507f5d124e6954326ceacd2bbc06069d5,5418,1842,1793,True,False
SHSRC0036_21,SHSRC0036,02_source_texts/SHSRC0036/21.txt,data/corpus_raw/shanghan/書籍/傷寒論條辨/21.txt,b94a449e092345860bea8f8eed18548767967b23913956afd863708693f5af83,1193,411,405,True,False
SHSRC0036_22,SHSRC0036,02_source_texts/SHSRC0036/22.txt,data/corpus_raw/shanghan/書籍/傷寒論條辨/22.txt,795ba5b6e962e4124ddabb50af1d470cc5f850a7d6e7128acd69002cb747d147,4220,1428,1408,True,False
SHSRC0036_3,SHSRC0036,02_source_texts/SHSRC0036/3.txt,data/corpus_raw/shanghan/書籍/傷寒論條辨/3.txt,ba16023a5a97e8f03d9b05dcec763401e4b98e271042165c45af4fb97c4cbee6,65,41,39,True,False
SHSRC0036_4,SHSRC0036,02_source_texts/SHSRC0036/4.txt,data/corpus_raw/shanghan/書籍/傷寒論條辨/4.txt,ee453442c5ff83e17bb8a0c266a6cb2adba9b1a02bd62b9fa835de54dc10f2b8,65,41,39,True,False
SHSRC0036_5,SHSRC0036,02_source_texts/SHSRC0036/5.txt,data/corpus_raw/shanghan/書籍/傷寒論條辨/5.txt,14f1f6cdb2dedce273fd5c5b645fd76976516c78d897d340cc7f6cef1ee89027,6279,2129,2087,True,False
SHSRC0036_6,SHSRC0036,02_source_texts/SHSRC0036/6.txt,data/corpus_raw/shanghan/書籍/傷寒論條辨/6.txt,9713a1c1130f06c4b09da0467bcda9ae899523e906d1a03fc5c8d82b9545d4f4,63963,21757,21056,True,False
SHSRC0036_7,SHSRC0036,02_source_texts/SHSRC0036/7.txt,data/corpus_raw/shanghan/書籍/傷寒論條辨/7.txt,0dca6d2ac6ffe50ea8f69b67ceb718f4d60fbb638a73fe51feee8baaa5a2614e,42315,14477,13848,True,False
SHSRC0036_8,SHSRC0036,02_source_texts/SHSRC0036/8.txt,data/corpus_raw/shanghan/書籍/傷寒論條辨/8.txt,feae701b3ef77e8044f3e49b195254d85eec62f7b161555168addb2d4bd81fd2,32924,11232,10801,True,False
SHSRC0036_9,SHSRC0036,02_source_texts/SHSRC0036/9.txt,data/corpus_raw/shanghan/書籍/傷寒論條辨/9.txt,23119501b05fb35003274d805440e44b61e6cb2dba6fb3bd3f527ff9a98dd9f3,39431,13533,12939,True,False
SHSRC0036_index,SHSRC0036,02_source_texts/SHSRC0036/index.txt,data/corpus_raw/shanghan/書籍/傷寒論條辨/index.txt,b8a5fe1bd0f34394f4b571762ad278691570c229efb41e5f19637403f1e8b6be,135,79,69,True,False
SHSRC0036_menu,SHSRC0036,02_source_texts/SHSRC0036/menu.txt,data/corpus_raw/shanghan/書籍/傷寒論條辨/menu.txt,46b5d606d9166ae55f7c69ede1051cc35e454855c1879407feb9670b02b3a624,342,176,153,True,False
SHSRC0037_1,SHSRC0037,02_source_texts/SHSRC0037/1.txt,data/corpus_raw/shanghan/書籍/傷寒論條辨_1/1.txt,ccd4db931fdaa7b3f271ed4e0b22359f9604041faff7cdda92d0dcb87f1a5d75,63679,21777,21074,True,False
SHSRC0037_2,SHSRC0037,02_source_texts/SHSRC0037/2.txt,data/corpus_raw/shanghan/書籍/傷寒論條辨_1/2.txt,2da5d80d9a09cca91cb783902bcaeea202ec5bf820180527bfd3cb38e449a132,41903,14493,13989,True,False
SHSRC0037_3,SHSRC0037,02_source_texts/SHSRC0037/3.txt,data/corpus_raw/shanghan/書籍/傷寒論條辨_1/3.txt,0651224748237774b12acd0b52c92caeaa76b8415ea2c7424b834af10cc3ccdb,32614,11239,10865,True,False
SHSRC0037_4,SHSRC0037,02_source_texts/SHSRC0037/4.txt,data/corpus_raw/shanghan/書籍/傷寒論條辨_1/4.txt,82384de709bd4f2c3ae74ea5ccd54cf91db6a6a783567189e82509d5ebec9568,39077,13395,12931,True,False
SHSRC0037_5,SHSRC0037,02_source_texts/SHSRC0037/5.txt,data/corpus_raw/shanghan/書籍/傷寒論條辨_1/5.txt,ad7d35b2429279e781441a966ce82f19793a69b44201f83c9b9d633db2a52ddf,43911,15139,14590,True,False
SHSRC0037_6,SHSRC0037,02_source_texts/SHSRC0037/6.txt,data/corpus_raw/shanghan/書籍/傷寒論條辨_1/6.txt,411c254e27072743825ca5f78ddb9299d6147abfde4117ef59ead10fc275beac,21535,7393,7131,True,False
SHSRC0037_7,SHSRC0037,02_source_texts/SHSRC0037/7.txt,data/corpus_raw/shanghan/書籍/傷寒論條辨_1/7.txt,7244d0b2cddc80b30278ec4646963aca6670c88f2099f7494d43d00880dc1043,57133,19491,18830,True,False
SHSRC0037_8,SHSRC0037,02_source_texts/SHSRC0037/8.txt,data/corpus_raw/shanghan/書籍/傷寒論條辨_1/8.txt,92b1c746bd1a92b0105309316a2fc12d51ecff4a76ce4c9a01020cff97ea958a,99621,34080,32827,True,False
SHSRC0037_index,SHSRC0037,02_source_texts/SHSRC0037/index.txt,data/corpus_raw/shanghan/書籍/傷寒論條辨_1/index.txt,2ef54864763ad7d02efcf4e051c4aac41d6eb0be1ac63d375f45b100c066e343,189,107,96,True,False
SHSRC0037_menu,SHSRC0037,02_source_texts/SHSRC0037/menu.txt,data/corpus_raw/shanghan/書籍/傷寒論條辨_1/menu.txt,7af10d7ab72a4df511973e4c935566f28d0ee7ef5821505721f0463d06462d2c,230,102,93,True,False
SHSRC0038_1,SHSRC0038,02_source_texts/SHSRC0038/1.txt,data/corpus_raw/shanghan/書籍/傷寒論注/1.txt,65fb633142f20078c2fb8d859ed7f913ce264419ba097da5c207283b16073b24,2909,983,977,True,False
SHSRC0038_2,SHSRC0038,02_source_texts/SHSRC0038/2.txt,data/corpus_raw/shanghan/書籍/傷寒論注/2.txt,ce896233d673508e4140ef3c46dab5c897873d3d5ea8d229a1b9370a46d0bc5c,3546,1206,1181,True,False
SHSRC0038_3,SHSRC0038,02_source_texts/SHSRC0038/3.txt,data/corpus_raw/shanghan/書籍/傷寒論注/3.txt,896b7532b3f95151b1f4a8a9993d2829c22f07f6647adf2717c37783b7f4903a,58583,19861,19377,True,False
SHSRC0038_4,SHSRC0038,02_source_texts/SHSRC0038/4.txt,data/corpus_raw/shanghan/書籍/傷寒論注/4.txt,4d675aff69df5a9d6bc91e0cfac48a8d11a1f8f09634b83080bf210f421570e0,81898,27854,27050,True,False
SHSRC0038_5,SHSRC0038,02_source_texts/SHSRC0038/5.txt,data/corpus_raw/shanghan/書籍/傷寒論注/5.txt,7b358fba07ddfb6ac1c08004daea7cbcda1aac8d80a41425dd2bb095556490c9,99697,33891,32943,True,False
SHSRC0038_6,SHSRC0038,02_source_texts/SHSRC0038/6.txt,data/corpus_raw/shanghan/書籍/傷寒論注/6.txt,c81799edaeae0fefc7ba81e97f7d44a6b9761eb28c9870f7adc501eff32c6107,71536,24524,23648,True,False
SHSRC0038_index,SHSRC0038,02_source_texts/SHSRC0038/index.txt,data/corpus_raw/shanghan/書籍/傷寒論注/index.txt,97be20eed60a2b151e5f904e986263db11d2ee48eba588b8c10f8f99ee290549,126,76,66,True,False
SHSRC0038_menu,SHSRC0038,02_source_texts/SHSRC0038/menu.txt,data/corpus_raw/shanghan/書籍/傷寒論注/menu.txt,d2133f47034ac3997fa13b3ae358dd1bd3d747ea54c2321e810b1c8bbeee0193,68,44,37,True,False
SHSRC0039_1,SHSRC0039,02_source_texts/SHSRC0039/1.txt,data/corpus_raw/shanghan/書籍/傷寒論綱目/1.txt,e8da5550d270158e83a89dfba40f102aa2f8766ad4370160dd1e2492d81ca71d,1455,501,493,True,False
SHSRC0039_10,SHSRC0039,02_source_texts/SHSRC0039/10.txt,data/corpus_raw/shanghan/書籍/傷寒論綱目/10.txt,0753d83035f008f4866aa692bfae07c88f70786724c4b31bebc69395db37e424,60021,20487,19950,True,False
SHSRC0039_11,SHSRC0039,02_source_texts/SHSRC0039/11.txt,data/corpus_raw/shanghan/書籍/傷寒論綱目/11.txt,43dc0ffb71376ce966b6cbea8c1ad0b8dc31521e52ead5a8c12d101b0a345697,48107,16416,15913,True,False
SHSRC0039_12,SHSRC0039,02_source_texts/SHSRC0039/12.txt,data/corpus_raw/shanghan/書籍/傷寒論綱目/12.txt,413eaefc5de9736abb43004a4bfcf629eaa4c45c9b9b15f0a584bace1d233e2d,61933,21239,20529,True,False
SHSRC0039_13,SHSRC0039,02_source_texts/SHSRC0039/13.txt,data/corpus_raw/shanghan/書籍/傷寒論綱目/13.txt,710c739524f6c9e3ac5e3fcfee59f1b55cc2719fdde7b01c8a40e39cf36df7f5,66492,22768,22017,True,False
SHSRC0039_14,SHSRC0039,02_source_texts/SHSRC0039/14.txt,data/corpus_raw/shanghan/書籍/傷寒論綱目/14.txt,66de91fcb627033d0653717cf09e0dceece8a3df2a27ce1936ef252c0d3d0e69,35540,12135,11785,True,False
SHSRC0039_15,SHSRC0039,02_source_texts/SHSRC0039/15.txt,data/corpus_raw/shanghan/書籍/傷寒論綱目/15.txt,238882f47bfefa01f3acad5373fbac304b57bbab209ce057a02fbe6920833b4c,40770,13882,13500,True,False
SHSRC0039_16,SHSRC0039,02_source_texts/SHSRC0039/16.txt,data/corpus_raw/shanghan/書籍/傷寒論綱目/16.txt,bdf83f27d80e671c7a34cf2c2b0b2614572e99cd94ed39c53e3d815f9f87d333,31398,10693,10428,True,False
SHSRC0039_17,SHSRC0039,02_source_texts/SHSRC0039/17.txt,data/corpus_raw/shanghan/書籍/傷寒論綱目/17.txt,88d66bcc9ee9dd3e18e157edbb2bb417f3f1ac398ac1a80bbbd1ec252ff91ca0,93152,31883,30881,True,False
SHSRC0039_18,SHSRC0039,02_source_texts/SHSRC0039/18.txt,data/corpus_raw/shanghan/書籍/傷寒論綱目/18.txt,e1c66c9d2aabeaa81e1b7a0b48ace385c5e73d33c4238d2dd67f781d14aa976e,49363,16880,16366,True,False
SHSRC0039_19,SHSRC0039,02_source_texts/SHSRC0039/19.txt,data/corpus_raw/shanghan/書籍/傷寒論綱目/19.txt,7ddb5864cf2f9f7d1dd969e9d341e1ab135ce8082a897af6bc8d72e721c127ed,91674,31322,30321,True,False
SHSRC0039_2,SHSRC0039,02_source_texts/SHSRC0039/2.txt,data/corpus_raw/shanghan/書籍/傷寒論綱目/2.txt,7d10eda6bf904f007a03aa68998c9138336f9aa926bd90017d4eb8350e05b196,1854,642,618,True,False
SHSRC0039_3,SHSRC0039,02_source_texts/SHSRC0039/3.txt,data/corpus_raw/shanghan/書籍/傷寒論綱目/3.txt,b05321e59c06e10d7392f86fc43f4d7fd82ef3fc39685ce95610c61e18713113,101240,34335,33562,True,False
SHSRC0039_4,SHSRC0039,02_source_texts/SHSRC0039/4.txt,data/corpus_raw/shanghan/書籍/傷寒論綱目/4.txt,3c67eb4e35710dbb72423554cb555789fb768d622c72918a6676b33b8b0f9dc0,48967,16692,16190,True,False
SHSRC0039_5,SHSRC0039,02_source_texts/SHSRC0039/5.txt,data/corpus_raw/shanghan/書籍/傷寒論綱目/5.txt,e0c6ecb7124ad57fe06e7e7d0bc38756aa7e11dc6df46875da9d40f3ca537e98,36934,12670,12263,True,False
SHSRC0039_6,SHSRC0039,02_source_texts/SHSRC0039/6.txt,data/corpus_raw/shanghan/書籍/傷寒論綱目/6.txt,f901f5299096f7c2e4461f0d0d483626dd1430f7099c2e02e9d2d87935f9c26d,45430,15570,15037,True,False
SHSRC0039_7,SHSRC0039,02_source_texts/SHSRC0039/7.txt,data/corpus_raw/shanghan/書籍/傷寒論綱目/7.txt,ecd50c1f3a717f933dd9b33fa8e53dcb8e89760e3d08798286cfb25c9f60cc2e,44349,15183,14699,True,False
SHSRC0039_8,SHSRC0039,02_source_texts/SHSRC0039/8.txt,data/corpus_raw/shanghan/書籍/傷寒論綱目/8.txt,1ebc1db73eb7e61ecb1766ae942a46968263e7b451b23bcca5f7c99e9d3498c2,36831,12601,12195,True,False
SHSRC0039_9,SHSRC0039,02_source_texts/SHSRC0039/9.txt,data/corpus_raw/shanghan/書籍/傷寒論綱目/9.txt,3d68a532a35854a8ebfe8a44c97e5668268ed5a7ea58cf202ea14e3cd4443bc6,50667,17349,16776,True,False
SHSRC0039_index,SHSRC0039,02_source_texts/SHSRC0039/index.txt,data/corpus_raw/shanghan/書籍/傷寒論綱目/index.txt,a05d24cd236ae9139077f58faceb83fa72e37f826cd1efeb044b25f7a4e1641d,135,79,69,True,False
SHSRC0039_menu,SHSRC0039,02_source_texts/SHSRC0039/menu.txt,data/corpus_raw/shanghan/書籍/傷寒論綱目/menu.txt,2113364ea065a145148d759adc96015b46674f82f0e83b98827f259e6543fe3f,305,158,138,True,False
SHSRC0040_index,SHSRC0040,02_source_texts/SHSRC0040/index.txt,data/corpus_raw/shanghan/書籍/傷寒論翼/index.txt,c230597e42cfa857b274450c294d8f0aaa784ecd1fdb98e8f32fdf6f797d041a,125669,42273,41871,True,False
SHSRC0041_1,SHSRC0041,02_source_texts/SHSRC0041/1.txt,data/corpus_raw/shanghan/書籍/傷寒論輯義/1.txt,4023baad2849b7f9941f19659b27a2439476827423d21421784afa7b025123f9,1619,557,548,True,False
SHSRC0041_10,SHSRC0041,02_source_texts/SHSRC0041/10.txt,data/corpus_raw/shanghan/書籍/傷寒論輯義/10.txt,b8fd45c7dd1be1cd602790a873ecb8e96d5e5f3c2121cc06233d546be88bb264,32884,11244,10806,True,False
SHSRC0041_2,SHSRC0041,02_source_texts/SHSRC0041/2.txt,data/corpus_raw/shanghan/書籍/傷寒論輯義/2.txt,4935c2cbc7f2e9895168bac4da83dd6d16c48d6975b5af323494f358e31adb62,9363,3177,3091,True,False
SHSRC0041_3,SHSRC0041,02_source_texts/SHSRC0041/3.txt,data/corpus_raw/shanghan/書籍/傷寒論輯義/3.txt,2f78aafc00e2662961b6d1a827d33282678fb532dc2bfc467f7ecaecb2a7f940,3607,1233,1199,True,False
SHSRC0041_4,SHSRC0041,02_source_texts/SHSRC0041/4.txt,data/corpus_raw/shanghan/書籍/傷寒論輯義/4.txt,cbcede141968d2cf82af4d59d4c0a7fd187b02105c83532b6ee39b4abe76cf52,80361,27327,26466,True,False
SHSRC0041_5,SHSRC0041,02_source_texts/SHSRC0041/5.txt,data/corpus_raw/shanghan/書籍/傷寒論輯義/5.txt,df884bebb0b9eab5e3ab6d3d8bfb17998b57bdb2018429a26b381c90095ddf87,219701,74635,72333,True,False
SHSRC0041_6,SHSRC0041,02_source_texts/SHSRC0041/6.txt,data/corpus_raw/shanghan/書籍/傷寒論輯義/6.txt,66a23024f4fc49d85bf7ee8c34c80466146500f600231dea5b345302d929963f,130554,44330,43005,True,False
SHSRC0041_7,SHSRC0041,02_source_texts/SHSRC0041/7.txt,data/corpus_raw/shanghan/書籍/傷寒論輯義/7.txt,8f5dceacd4153251b51e1c5b4e69438ec062dcea07efa3cad2843c3d7bca5359,132134,44866,43586,True,False
SHSRC0041_8,SHSRC0041,02_source_texts/SHSRC0041/8.txt,data/corpus_raw/shanghan/書籍/傷寒論輯義/8.txt,64224401910ebd954f2d1d573349138c9b84a826673c9ba80df8aea2b50d514b,83399,28373,27480,True,False
SHSRC0041_9,SHSRC0041,02_source_texts/SHSRC0041/9.txt,data/corpus_raw/shanghan/書籍/傷寒論輯義/9.txt,2c6ba677347e10d380242163f13c1e9f1ac5f12ac1ff2cb4d868f95930c58d3a,58878,20014,19406,True,False
SHSRC0041_index,SHSRC0041,02_source_texts/SHSRC0041/index.txt,data/corpus_raw/shanghan/書籍/傷寒論輯義/index.txt,97a3efd68ac375e655c00354e20e4599d90cdbfeca0b172f43ce37d5cce4c570,166,85,75,True,False
SHSRC0041_menu,SHSRC0041,02_source_texts/SHSRC0041/menu.txt,data/corpus_raw/shanghan/書籍/傷寒論輯義/menu.txt,fa969964059bfaae2d27d4e3e5d40120be68679c04be10d10797197ac1f7f544,120,70,59,True,False
SHSRC0042_1,SHSRC0042,02_source_texts/SHSRC0042/1.txt,data/corpus_raw/shanghan/書籍/傷寒論辯證廣注/1.txt,a419e22dfd2dea38cb33740346151a437171895942b0c3f02d30482fcf8b35cb,1534,530,518,True,False
SHSRC0042_10,SHSRC0042,02_source_texts/SHSRC0042/10.txt,data/corpus_raw/shanghan/書籍/傷寒論辯證廣注/10.txt,292175cd8f9d5d86b74e3a138db1a327090adfd5d47b0fbc3caa22e8c855dd72,11475,3977,3820,True,False
SHSRC0042_11,SHSRC0042,02_source_texts/SHSRC0042/11.txt,data/corpus_raw/shanghan/書籍/傷寒論辯證廣注/11.txt,3db351182f6a88b87d3d29d782924b26e17c76b39d12dc425c525e76be97e86d,28689,9843,9521,True,False
SHSRC0042_12,SHSRC0042,02_source_texts/SHSRC0042/12.txt,data/corpus_raw/shanghan/書籍/傷寒論辯證廣注/12.txt,33da589bce4cef3c1a2fb7daef5bf7fee1164110bf077ed78fa00e5f61ba5dd9,36887,12593,12211,True,False
SHSRC0042_13,SHSRC0042,02_source_texts/SHSRC0042/13.txt,data/corpus_raw/shanghan/書籍/傷寒論辯證廣注/13.txt,cdef3ea5e197ddf08bc068a73de2236ea7a928c10ebdb311957183291df62414,29207,10137,9676,True,False
SHSRC0042_14,SHSRC0042,02_source_texts/SHSRC0042/14.txt,data/corpus_raw/shanghan/書籍/傷寒論辯證廣注/14.txt,0ba73fe177f907f452acbd91d2405c527d895bf7259ec685a5e90f972cac9255,24332,8308,8054,True,False
SHSRC0042_15,SHSRC0042,02_source_texts/SHSRC0042/15.txt,data/corpus_raw/shanghan/書籍/傷寒論辯證廣注/15.txt,9e75cdea9dd07f87e2a59e4a9e38c2d266e11a278fa5f8e39d25085687001168,13904,4812,4603,True,False
SHSRC0042_16,SHSRC0042,02_source_texts/SHSRC0042/16.txt,data/corpus_raw/shanghan/書籍/傷寒論辯證廣注/16.txt,23bbe3f378b65be30ac083abd4039532c16ddd37bc552f7e827f2a7332119952,27789,9571,9289,True,False
SHSRC0042_2,SHSRC0042,02_source_texts/SHSRC0042/2.txt,data/corpus_raw/shanghan/書籍/傷寒論辯證廣注/2.txt,91f360ff6f8c1be04e03224e1325442aafcd8cbc35eb96babf5369d26c86bdc1,4892,1664,1625,True,False
SHSRC0042_3,SHSRC0042,02_source_texts/SHSRC0042/3.txt,data/corpus_raw/shanghan/書籍/傷寒論辯證廣注/3.txt,dda30108a6b449d38a2eb782ff910e63c501b35d8f77714cd753cd52753aa90b,59608,20274,19830,True,False
SHSRC0042_4,SHSRC0042,02_source_texts/SHSRC0042/4.txt,data/corpus_raw/shanghan/書籍/傷寒論辯證廣注/4.txt,00753204cc28cfcae9115eb829c9f6c2705a2e25d662dd65728b0032f42b3c08,49989,16931,16549,True,False
SHSRC0042_5,SHSRC0042,02_source_texts/SHSRC0042/5.txt,data/corpus_raw/shanghan/書籍/傷寒論辯證廣注/5.txt,e78b5933a357a01fff34ad2b964b379b198eaa3354db581c3cb3ef92f3a5a907,37005,12595,12250,True,False
SHSRC0042_6,SHSRC0042,02_source_texts/SHSRC0042/6.txt,data/corpus_raw/shanghan/書籍/傷寒論辯證廣注/6.txt,cdbc30292d80692c2722520c8df2202230dc3c7763da3b7513756f19304ddd18,98119,33413,32480,True,False
SHSRC0042_7,SHSRC0042,02_source_texts/SHSRC0042/7.txt,data/corpus_raw/shanghan/書籍/傷寒論辯證廣注/7.txt,aa9e5971539a714c9b00b2419cb46c563b92e4c70e74b300987fc871b81a1bcf,90505,31051,29886,True,False
SHSRC0042_8,SHSRC0042,02_source_texts/SHSRC0042/8.txt,data/corpus_raw/shanghan/書籍/傷寒論辯證廣注/8.txt,9f5170cbc130c376dc1f3e2733d1c0e25e7fea6d773a90e35156b3f1d0b7b4ac,115429,39267,38203,True,False
SHSRC0042_9,SHSRC0042,02_source_texts/SHSRC0042/9.txt,data/corpus_raw/shanghan/書籍/傷寒論辯證廣注/9.txt,9a302aaeec643c1de8f132d488ae46d4f17f477b19c045ccbcc4f32617da3acd,54831,18701,18138,True,False
SHSRC0042_index,SHSRC0042,02_source_texts/SHSRC0042/index.txt,data/corpus_raw/shanghan/書籍/傷寒論辯證廣注/index.txt,411783b189d13bbc91f7995e532c32c76772b1df9f801de94ebdebf19ff75c78,135,73,64,True,False
SHSRC0042_menu,SHSRC0042,02_source_texts/SHSRC0042/menu.txt,data/corpus_raw/shanghan/書籍/傷寒論辯證廣注/menu.txt,07018462ebe64178aa743cc1abd516ac73dcbf703df2084e879a61843abacd06,219,119,102,True,False
SHSRC0043_index,SHSRC0043,02_source_texts/SHSRC0043/index.txt,data/corpus_raw/shanghan/書籍/傷寒論類方/index.txt,b06bd66e8576a175e438725e19fe2c4e1703e0792a394afbaf763e43c222e603,129993,44959,43011,True,False
SHSRC0044_index,SHSRC0044,02_source_texts/SHSRC0044/index.txt,data/corpus_raw/shanghan/書籍/傷寒論類方_1/index.txt,bf84e0b01333088b00f5d5504ff5fa2be5b74846b991957d4f8a74b23a40249e,129051,45413,42814,True,False
SHSRC0045_index,SHSRC0045,02_source_texts/SHSRC0045/index.txt,data/corpus_raw/shanghan/書籍/傷寒貫珠集/index.txt,82998feba03880eca7b9b3453a1f76c0045bdf75f3a455078e774dcaf74e55c5,264239,91013,87399,True,False
SHSRC0046_index,SHSRC0046,02_source_texts/SHSRC0046/index.txt,data/corpus_raw/shanghan/書籍/傷寒貫珠集_1/index.txt,3b606a6e8516e46af4659606f21a336e93cc565a99b583d4913d215497a38eb0,264290,91135,87487,True,False
SHSRC0047_index,SHSRC0047,02_source_texts/SHSRC0047/index.txt,data/corpus_raw/shanghan/書籍/傷寒辨要箋記/index.txt,9244d1fee6df576be6c8808211089a10186026b036e48db1059e8eb28f651854,30289,10317,10125,True,False
SHSRC0048_index,SHSRC0048,02_source_texts/SHSRC0048/index.txt,data/corpus_raw/shanghan/書籍/傷寒醫訣串解/index.txt,a34afb34b614205bb5fee9be47ed1eb0515b90656d52ef9c226add04a448b327,92769,31413,30825,True,False
SHSRC0049_index,SHSRC0049,02_source_texts/SHSRC0049/index.txt,data/corpus_raw/shanghan/書籍/傷寒附翼/index.txt,30d14ff86591d0f94d5125b9e86bb7152520e9582a4586d636d16cd252c4c5e9,136327,46175,45309,True,False
SHSRC0050_index,SHSRC0050,02_source_texts/SHSRC0050/index.txt,data/corpus_raw/shanghan/書籍/傷寒雜病論_桂本/index.txt,3b2152c1e6b2ef5eca8e54bc7970dd598f3e7edcfc64c44fed4b6280a332b4d2,255696,92429,86171,True,False
SHSRC0051_index,SHSRC0051,02_source_texts/SHSRC0051/index.txt,data/corpus_raw/shanghan/書籍/劉河間傷寒醫鑑/index.txt,2dfd76de5abbd9f5d4fc13abd3a16c7ca3fd23214ae74cfb77f44441f7bfa368,28617,9705,9609,True,False
SHSRC0052_1,SHSRC0052,02_source_texts/SHSRC0052/1.txt,data/corpus_raw/shanghan/書籍/張卿子傷寒論/1.txt,94cc28696744da467d670f48be5251c89a06356d3f8aed22a7337fbf01ac02be,1554,534,525,True,False
SHSRC0052_10,SHSRC0052,02_source_texts/SHSRC0052/10.txt,data/corpus_raw/shanghan/書籍/張卿子傷寒論/10.txt,1449e3febc858fcc4d41bb3493c2d3c92a8c888cce0e69dcdf9bbd402e22bcc6,47698,16414,15696,True,False
SHSRC0052_11,SHSRC0052,02_source_texts/SHSRC0052/11.txt,data/corpus_raw/shanghan/書籍/張卿子傷寒論/11.txt,2eafb6e99c36385c0ac303e8b81106af1e7cb9c62c779c78155973883d85b36e,51243,17845,16850,True,False
SHSRC0052_12,SHSRC0052,02_source_texts/SHSRC0052/12.txt,data/corpus_raw/shanghan/書籍/張卿子傷寒論/12.txt,e627d26bf8353aac20310fee66aa38fc843b3601fd0d5a3eb7eee2710b5bfa7f,37015,12797,12230,True,False
SHSRC0052_2,SHSRC0052,02_source_texts/SHSRC0052/2.txt,data/corpus_raw/shanghan/書籍/張卿子傷寒論/2.txt,0dfad92e2a2628924f62b5f67453fff7b0bf2bea35e97e9fa23a7efbbd5e43a0,1338,462,454,True,False
SHSRC0052_3,SHSRC0052,02_source_texts/SHSRC0052/3.txt,data/corpus_raw/shanghan/書籍/張卿子傷寒論/3.txt,b86ce2ef56db8d3eeadc79ec50c9f2755fc5e61b6a9fa703dc896fbfb8898bcd,1552,556,539,True,False
SHSRC0052_4,SHSRC0052,02_source_texts/SHSRC0052/4.txt,data/corpus_raw/shanghan/書籍/張卿子傷寒論/4.txt,a7663059f86bb42977ac34f22c1f699ea1ec82b07a69a7043b72417ff0c78d5f,2274,782,761,True,False
SHSRC0052_5,SHSRC0052,02_source_texts/SHSRC0052/5.txt,data/corpus_raw/shanghan/書籍/張卿子傷寒論/5.txt,35419c8118180020188a54976ef3d1b33f0af03e6f66cea87e9b765c03feff8a,947,329,321,True,False
SHSRC0052_6,SHSRC0052,02_source_texts/SHSRC0052/6.txt,data/corpus_raw/shanghan/書籍/張卿子傷寒論/6.txt,e6774febafecc528bec605c37d89090fe1e4f6a40812855ed0ffabdcaa7448bc,61825,21215,20328,True,False
SHSRC0052_7,SHSRC0052,02_source_texts/SHSRC0052/7.txt,data/corpus_raw/shanghan/書籍/張卿子傷寒論/7.txt,3f0e084d548ee7cbc442175be67909189ba5a60e1494310f9555676e6cae3063,65204,22480,21453,True,False
SHSRC0052_8,SHSRC0052,02_source_texts/SHSRC0052/8.txt,data/corpus_raw/shanghan/書籍/張卿子傷寒論/8.txt,9ecff832b0ab6381dc7188a4bae29a1295244c12847290ef215f24e1e50119d0,69450,24014,22878,True,False
SHSRC0052_9,SHSRC0052,02_source_texts/SHSRC0052/9.txt,data/corpus_raw/shanghan/書籍/張卿子傷寒論/9.txt,cf259eaaca7f598e70cf2c2dbc7407b0f45e0317aa1673e1933c5ac5607b37a6,43161,14911,14245,True,False
SHSRC0052_index,SHSRC0052,02_source_texts/SHSRC0052/index.txt,data/corpus_raw/shanghan/書籍/張卿子傷寒論/index.txt,d5051d950be3af7f7199166e711e6e1bfbb1e009674cf90bfad8fa404df25303,131,75,66,True,False
SHSRC0052_menu,SHSRC0052,02_source_texts/SHSRC0052/menu.txt,data/corpus_raw/shanghan/書籍/張卿子傷寒論/menu.txt,e5188ea72f5c9abb4f6bf8558d2503afce771288e6ce0a03b776246167ae1941,140,82,69,True,False
SHSRC0053_index,SHSRC0053,02_source_texts/SHSRC0053/index.txt,data/corpus_raw/shanghan/書籍/敖氏傷寒金鏡錄/index.txt,ae516f61d21df46b105fafe835d946ec8f774231f95e13d7e359eaf66ee260f7,63163,22459,21513,True,False
SHSRC0054_index,SHSRC0054,02_source_texts/SHSRC0054/index.txt,data/corpus_raw/shanghan/書籍/河間傷寒心要/index.txt,b29dc4a8d4775925276943d16679efbcf2486e0fdc0fcd2bbc11b1e6d45fb848,12662,4576,4233,True,False
SHSRC0055_1,SHSRC0055,02_source_texts/SHSRC0055/1.txt,data/corpus_raw/shanghan/書籍/註解傷寒論/1.txt,0b17addd23140bb5425a19404737b9388773ad4ec524af9eb210bf9344956e8c,1604,548,544,True,False
SHSRC0055_10,SHSRC0055,02_source_texts/SHSRC0055/10.txt,data/corpus_raw/shanghan/書籍/註解傷寒論/10.txt,b169f1d382bf0d04426c1d606e0d9c6035b71a9ea9f56befb4de8ab831b98e8c,2308,824,784,True,False
SHSRC0055_11,SHSRC0055,02_source_texts/SHSRC0055/11.txt,data/corpus_raw/shanghan/書籍/註解傷寒論/11.txt,455a7ed1cf25fb93544d9a7003a60028b4840e59add873c584c033f04786f7f2,15814,5394,5242,True,False
SHSRC0055_12,SHSRC0055,02_source_texts/SHSRC0055/12.txt,data/corpus_raw/shanghan/書籍/註解傷寒論/12.txt,a1ea2608ed6bc4bfc485da035a02b971827c82bf2f9982281cd0a75cee776e81,5786,2006,1862,True,False
SHSRC0055_2,SHSRC0055,02_source_texts/SHSRC0055/2.txt,data/corpus_raw/shanghan/書籍/註解傷寒論/2.txt,e2d8dfd1412582375d6477ce35d4f5e738ab815f0d2160f19ad4934479bae497,3591,1213,1205,True,False
SHSRC0055_3,SHSRC0055,02_source_texts/SHSRC0055/3.txt,data/corpus_raw/shanghan/書籍/註解傷寒論/3.txt,01b85183a2680351c84383d0a16a6ceb8bb4a2e9a3bcc2a465af6e5fea2ed7ae,55645,18943,18371,True,False
SHSRC0055_4,SHSRC0055,02_source_texts/SHSRC0055/4.txt,data/corpus_raw/shanghan/書籍/註解傷寒論/4.txt,d64778939160b3b9778af78ef10d1fbc62363eaac641160aad865119de9fc74f,54633,18635,17985,True,False
SHSRC0055_5,SHSRC0055,02_source_texts/SHSRC0055/5.txt,data/corpus_raw/shanghan/書籍/註解傷寒論/5.txt,246e3b0f302d5fb1bb9d96ee5598afc7173d90e7c185b873ea567fe73ffc7771,63429,21603,20813,True,False
SHSRC0055_6,SHSRC0055,02_source_texts/SHSRC0055/6.txt,data/corpus_raw/shanghan/書籍/註解傷寒論/6.txt,48970180494e3daedd06ed5a3096e3c729b15e2a78c005bddf808a46bcad858c,39990,13578,13150,True,False
SHSRC0055_7,SHSRC0055,02_source_texts/SHSRC0055/7.txt,data/corpus_raw/shanghan/書籍/註解傷寒論/7.txt,47c897c9fd34e5caa17f89606038555fd537ccba1ecae54bc34e1460b5b31bdd,45757,15583,15061,True,False
SHSRC0055_8,SHSRC0055,02_source_texts/SHSRC0055/8.txt,data/corpus_raw/shanghan/書籍/註解傷寒論/8.txt,4e3c358c8520b7dc776254076a6a37ed146879f077636e8dca2dfdfa995ce2af,46852,16088,15349,True,False
SHSRC0055_9,SHSRC0055,02_source_texts/SHSRC0055/9.txt,data/corpus_raw/shanghan/書籍/註解傷寒論/9.txt,7f40fbaf1c405b4eb6ee3c43477b2bdfaf469a7e31e6c4f9ba4e5559a1bf3f97,18476,6348,6086,True,False
SHSRC0055_index,SHSRC0055,02_source_texts/SHSRC0055/index.txt,data/corpus_raw/shanghan/書籍/註解傷寒論/index.txt,ddb75f81b5111f3a4b2783df7bef9f988bb9340dd871c9568119712aaf51d2b8,130,74,65,True,False
SHSRC0055_menu,SHSRC0055,02_source_texts/SHSRC0055/menu.txt,data/corpus_raw/shanghan/書籍/註解傷寒論/menu.txt,16ffd566ad397b0e941b7f0ec35a14483bfa2a30d0ac025f44e3acfeae95451f,134,80,67,True,False
SHSRC0056_0-1,SHSRC0056,02_source_texts/SHSRC0056/0-1.txt,data/corpus_raw/shanghan_jingui_combined/書籍/曹氏傷寒金匱發微合刊/0-1.txt,26bd58b9ddc0ef3040201c5aa63125c1396ffd6a6c0975a7c5684b201f781a5e,1083,435,371,True,False
SHSRC0056_0-2,SHSRC0056,02_source_texts/SHSRC0056/0-2.txt,data/corpus_raw/shanghan_jingui_combined/書籍/曹氏傷寒金匱發微合刊/0-2.txt,1d2b6739bc1da3dbee6250a47c985d14601399dc527dbb1352632845871078c6,5062,1720,1680,True,False
SHSRC0056_0-3,SHSRC0056,02_source_texts/SHSRC0056/0-3.txt,data/corpus_raw/shanghan_jingui_combined/書籍/曹氏傷寒金匱發微合刊/0-3.txt,18eb51935af43e18334b55a7d815974dfc193ec1cf0fb36f8225a24567082d21,4260,1438,1426,True,False
SHSRC0056_1-0.1,SHSRC0056,02_source_texts/SHSRC0056/1-0.1.txt,data/corpus_raw/shanghan_jingui_combined/書籍/曹氏傷寒金匱發微合刊/1-0.1.txt,ecdc6b171d6e082c51b18705ac8b900d8af68328649977b2d99a292335639238,1391,481,473,True,False
SHSRC0056_1-0.2,SHSRC0056,02_source_texts/SHSRC0056/1-0.2.txt,data/corpus_raw/shanghan_jingui_combined/書籍/曹氏傷寒金匱發微合刊/1-0.2.txt,97be030d77c49f1c812ae5d6ebee012f0c161ff32866878b3d0391ae47ede86f,1862,642,632,True,False
SHSRC0056_1-0.3,SHSRC0056,02_source_texts/SHSRC0056/1-0.3.txt,data/corpus_raw/shanghan_jingui_combined/書籍/曹氏傷寒金匱發微合刊/1-0.3.txt,9603c65dd41a46ee9fdd63aa8e02791fe2bc762981b565952e99f79ec67633a8,1661,575,565,True,False
SHSRC0056_1-0.4,SHSRC0056,02_source_texts/SHSRC0056/1-0.4.txt,data/corpus_raw/shanghan_jingui_combined/書籍/曹氏傷寒金匱發微合刊/1-0.4.txt,bab8d0e0ef11a4e26103dfb7c7aa291dc7de00761fc08e0f21aef0029912d095,2288,800,782,True,False
SHSRC0056_1-0.5,SHSRC0056,02_source_texts/SHSRC0056/1-0.5.txt,data/corpus_raw/shanghan_jingui_combined/書籍/曹氏傷寒金匱發微合刊/1-0.5.txt,3441375bf7b6dc31be3f951d2f915cd8054b4c3e5e3160158be3a23b791bca36,2024,716,696,True,False
SHSRC0056_1-1,SHSRC0056,02_source_texts/SHSRC0056/1-1.txt,data/corpus_raw/shanghan_jingui_combined/書籍/曹氏傷寒金匱發微合刊/1-1.txt,0137c3fbe69bbeebf790d3baa42e1b5ace30ae1370629f42745f79ef200f0aba,205121,69083,67963,True,False
SHSRC0056_1-2,SHSRC0056,02_source_texts/SHSRC0056/1-2.txt,data/corpus_raw/shanghan_jingui_combined/書籍/曹氏傷寒金匱發微合刊/1-2.txt,fe87843f47614ebffa4a43e2734358c3b437427c469b841323e92beef478e3fe,93143,31301,30943,True,False
SHSRC0056_1-3,SHSRC0056,02_source_texts/SHSRC0056/1-3.txt,data/corpus_raw/shanghan_jingui_combined/書籍/曹氏傷寒金匱發微合刊/1-3.txt,56711c5e8887d7d0dcbed4b27a5707c9464b326170152cd2c6df7bb663ce24d8,10540,3550,3510,True,False
SHSRC0056_1-4,SHSRC0056,02_source_texts/SHSRC0056/1-4.txt,data/corpus_raw/shanghan_jingui_combined/書籍/曹氏傷寒金匱發微合刊/1-4.txt,9341d452ff97d06b97f374be1ac4708b3941c01b935b84403af79b6a257dc60e,5256,1790,1747,True,False
SHSRC0056_1-5,SHSRC0056,02_source_texts/SHSRC0056/1-5.txt,data/corpus_raw/shanghan_jingui_combined/書籍/曹氏傷寒金匱發微合刊/1-5.txt,956acc83c7aeca44bc102ccd2788559f9112e061824c5abf2c9a4dd3b6b54498,44643,15035,14802,True,False
SHSRC0056_1-6,SHSRC0056,02_source_texts/SHSRC0056/1-6.txt,data/corpus_raw/shanghan_jingui_combined/書籍/曹氏傷寒金匱發微合刊/1-6.txt,5769bb455f565f0f404516f6a2614c2491aec91508de633c792ee2ecb919a598,76756,25852,25442,True,False
SHSRC0056_1-7,SHSRC0056,02_source_texts/SHSRC0056/1-7.txt,data/corpus_raw/shanghan_jingui_combined/書籍/曹氏傷寒金匱發微合刊/1-7.txt,a0fe7639aa5d05fe662bcf22b4f7dd9dda7cb9c55b5e4a8b2f1207fe6d8ee970,1356,460,458,True,False
SHSRC0056_1,SHSRC0056,02_source_texts/SHSRC0056/1.txt,data/corpus_raw/shanghan_jingui_combined/書籍/曹氏傷寒金匱發微合刊/1.txt,14cda50859b45c6aab8f1a48137ec6e76dc46b742126d2b9c3f9a6d8c1861abc,24,16,16,True,False
SHSRC0056_2-0.1,SHSRC0056,02_source_texts/SHSRC0056/2-0.1.txt,data/corpus_raw/shanghan_jingui_combined/書籍/曹氏傷寒金匱發微合刊/2-0.1.txt,77a82664b16d69fefd5fd5c1915af670bae1d4aafe0651625e15f7dc2c6d410d,1237,435,423,True,False
SHSRC0056_2-0.2,SHSRC0056,02_source_texts/SHSRC0056/2-0.2.txt,data/corpus_raw/shanghan_jingui_combined/書籍/曹氏傷寒金匱發微合刊/2-0.2.txt,f33f5afd8dfd3ba121bbee05a2b4922fd85ffbd1cebdcc9cc4cbbcbca0dfbaa0,1496,524,512,True,False
SHSRC0056_2-0.3,SHSRC0056,02_source_texts/SHSRC0056/2-0.3.txt,data/corpus_raw/shanghan_jingui_combined/書籍/曹氏傷寒金匱發微合刊/2-0.3.txt,0d2af41183802750725b552d0feca626125e923a8373461b0ec0caac1da1f153,1559,545,533,True,False
SHSRC0056_2-0.4,SHSRC0056,02_source_texts/SHSRC0056/2-0.4.txt,data/corpus_raw/shanghan_jingui_combined/書籍/曹氏傷寒金匱發微合刊/2-0.4.txt,5fa091557c59d709e89c5aaa53f28c4d893124c8a631d41cc8bc1a98a312d6e6,2111,729,717,True,False
SHSRC0056_2-0.5,SHSRC0056,02_source_texts/SHSRC0056/2-0.5.txt,data/corpus_raw/shanghan_jingui_combined/書籍/曹氏傷寒金匱發微合刊/2-0.5.txt,112a61e13f6d5e831a2e9b0acf9e33c832620b01fd1668a8e2a18b72760b8c86,1874,646,635,True,False
SHSRC0056_2-0.6,SHSRC0056,02_source_texts/SHSRC0056/2-0.6.txt,data/corpus_raw/shanghan_jingui_combined/書籍/曹氏傷寒金匱發微合刊/2-0.6.txt,ebd39a5b2106f2d73c44dda35d5d80fe5710a9c641baa0a842ff6033d214faaf,1526,522,516,True,False
SHSRC0056_2-1,SHSRC0056,02_source_texts/SHSRC0056/2-1.txt,data/corpus_raw/shanghan_jingui_combined/書籍/曹氏傷寒金匱發微合刊/2-1.txt,b2d2c4de9b67e2946909ed3b888cbc0ec10204eb079e7f02a03f105815bfcbe6,30845,10335,10265,True,False
SHSRC0056_2-10,SHSRC0056,02_source_texts/SHSRC0056/2-10.txt,data/corpus_raw/shanghan_jingui_combined/書籍/曹氏傷寒金匱發微合刊/2-10.txt,46b64871b570124d1dd7a937993165550571e5c1e0baef54b812ece361a95033,17907,6057,5908,True,False
SHSRC0056_2-11,SHSRC0056,02_source_texts/SHSRC0056/2-11.txt,data/corpus_raw/shanghan_jingui_combined/書籍/曹氏傷寒金匱發微合刊/2-11.txt,295528968cf8c8b189e78c852bd58b22086f207f73c111f7036e574bfd139ec8,15871,5353,5264,True,False
SHSRC0056_2-12,SHSRC0056,02_source_texts/SHSRC0056/2-12.txt,data/corpus_raw/shanghan_jingui_combined/書籍/曹氏傷寒金匱發微合刊/2-12.txt,97604e55e898bb5cd6c067cf06e27f3e6454a2bb22429ddbd58e52b97165ee57,30295,10221,10034,True,False
SHSRC0056_2-13,SHSRC0056,02_source_texts/SHSRC0056/2-13.txt,data/corpus_raw/shanghan_jingui_combined/書籍/曹氏傷寒金匱發微合刊/2-13.txt,0a71e011986d033389644b8f365f251212ddaaad75f630f0584b1484c6c12d9a,10541,3563,3495,True,False
SHSRC0056_2-14,SHSRC0056,02_source_texts/SHSRC0056/2-14.txt,data/corpus_raw/shanghan_jingui_combined/書籍/曹氏傷寒金匱發微合刊/2-14.txt,d101f6ef6913b0d05b4f92e1e2022dd9e5dfd28293689357860a769c4b3e09b1,39773,13367,13207,True,False
SHSRC0056_2-15,SHSRC0056,02_source_texts/SHSRC0056/2-15.txt,data/corpus_raw/shanghan_jingui_combined/書籍/曹氏傷寒金匱發微合刊/2-15.txt,805e6cd0cded57cc10ce1021c6076da49de630942b9a787fb5d63a34d990de5b,29142,9858,9652,True,False
SHSRC0056_2-16,SHSRC0056,02_source_texts/SHSRC0056/2-16.txt,data/corpus_raw/shanghan_jingui_combined/書籍/曹氏傷寒金匱發微合刊/2-16.txt,24e605f39aaccab156623ddaf52d4213c7f9626c3faf9d9e48c2ebadb1476bc2,35739,12087,11837,True,False
SHSRC0056_2-17,SHSRC0056,02_source_texts/SHSRC0056/2-17.txt,data/corpus_raw/shanghan_jingui_combined/書籍/曹氏傷寒金匱發微合刊/2-17.txt,c7122c1e63a3743b90d7cd6b27e74430ce4756087fbbeb673ab3eac80ca0c3fe,9758,3306,3236,True,False
SHSRC0056_2-18,SHSRC0056,02_source_texts/SHSRC0056/2-18.txt,data/corpus_raw/shanghan_jingui_combined/書籍/曹氏傷寒金匱發微合刊/2-18.txt,95858bc3cecbddd84afeaa26934b1450d506794a3230eea99e00731f575fafc6,6544,2216,2174,True,False
SHSRC0056_2-19,SHSRC0056,02_source_texts/SHSRC0056/2-19.txt,data/corpus_raw/shanghan_jingui_combined/書籍/曹氏傷寒金匱發微合刊/2-19.txt,0b4abe22c7092a0cbef54d9e2e93c14ff3c2e231605819decd6b8b9d1058b20d,12236,4148,4054,True,False
SHSRC0056_2-2,SHSRC0056,02_source_texts/SHSRC0056/2-2.txt,data/corpus_raw/shanghan_jingui_combined/書籍/曹氏傷寒金匱發微合刊/2-2.txt,ce3c099c74f030cff6ec6129a5d185bdfd8ef39772df83c756660f60a6701faa,23646,7974,7846,True,False
SHSRC0056_2-20,SHSRC0056,02_source_texts/SHSRC0056/2-20.txt,data/corpus_raw/shanghan_jingui_combined/書籍/曹氏傷寒金匱發微合刊/2-20.txt,b92b6ca008a978211c27038676ec8934b4793851307475f14c39a73e0aab1956,12584,4252,4149,True,False
SHSRC0056_2-21,SHSRC0056,02_source_texts/SHSRC0056/2-21.txt,data/corpus_raw/shanghan_jingui_combined/書籍/曹氏傷寒金匱發微合刊/2-21.txt,0cb877757383f7b99df42e6b4c883bbde415924c6d0c3d1a0c776ef2649a166e,24855,8381,8241,True,False
SHSRC0056_2-22,SHSRC0056,02_source_texts/SHSRC0056/2-22.txt,data/corpus_raw/shanghan_jingui_combined/書籍/曹氏傷寒金匱發微合刊/2-22.txt,bbaeae91e08a1ed6dbbd03f45f7d93366654d4838dc6a2a38ea5ce33d0e3d4d1,708,244,242,True,False
SHSRC0056_2-3,SHSRC0056,02_source_texts/SHSRC0056/2-3.txt,data/corpus_raw/shanghan_jingui_combined/書籍/曹氏傷寒金匱發微合刊/2-3.txt,ca97d4b19ce2d847e6b500bf01f4f7147b8705594c48f713ae456081bbdc9a59,15367,5189,5097,True,False
SHSRC0056_2-4,SHSRC0056,02_source_texts/SHSRC0056/2-4.txt,data/corpus_raw/shanghan_jingui_combined/書籍/曹氏傷寒金匱發微合刊/2-4.txt,0715f95340008a3b31c82a0b24ccfe01cf6e9e9e126add9f0a6322f8fa334f33,8566,2886,2850,True,False
SHSRC0056_2-5,SHSRC0056,02_source_texts/SHSRC0056/2-5.txt,data/corpus_raw/shanghan_jingui_combined/書籍/曹氏傷寒金匱發微合刊/2-5.txt,933eb4a6ed152fa15629c6c5995e6171ec31d33d7f12bcaca333b8e9870cc5d0,23829,8015,7888,True,False
SHSRC0056_2-6,SHSRC0056,02_source_texts/SHSRC0056/2-6.txt,data/corpus_raw/shanghan_jingui_combined/書籍/曹氏傷寒金匱發微合刊/2-6.txt,81a8567e6d97dbabdca45918ef1fe005aa5df0a1382931ce0783006c2a1cc528,19199,6473,6326,True,False
SHSRC0056_2-7,SHSRC0056,02_source_texts/SHSRC0056/2-7.txt,data/corpus_raw/shanghan_jingui_combined/書籍/曹氏傷寒金匱發微合刊/2-7.txt,db6480b1e8b281b702ffc90d7eb8f10ec65667e5a8766c87efd35c47cb511933,15983,5389,5274,True,False
SHSRC0056_2-8,SHSRC0056,02_source_texts/SHSRC0056/2-8.txt,data/corpus_raw/shanghan_jingui_combined/書籍/曹氏傷寒金匱發微合刊/2-8.txt,8f633bffbaed5693bf13ad6fa51d35c93a19ac1508679c49a46c18b740cfc559,3706,1262,1220,True,False
SHSRC0056_2-9,SHSRC0056,02_source_texts/SHSRC0056/2-9.txt,data/corpus_raw/shanghan_jingui_combined/書籍/曹氏傷寒金匱發微合刊/2-9.txt,f25a9d140871010aeb07d9e96e7b383ea1cef5a845f89cf7c77400881ad1e3e3,7587,2581,2486,True,False
SHSRC0056_2,SHSRC0056,02_source_texts/SHSRC0056/2.txt,data/corpus_raw/shanghan_jingui_combined/書籍/曹氏傷寒金匱發微合刊/2.txt,8449e0ea9cb8bd3ddb9214cb09734b191428993b0dd7d98ea0cb64574085b7ad,101,43,32,True,False
SHSRC0056_3,SHSRC0056,02_source_texts/SHSRC0056/3.txt,data/corpus_raw/shanghan_jingui_combined/書籍/曹氏傷寒金匱發微合刊/3.txt,cb7a593a1f80950f23334d397306bfd4a354dd265438c31c394ef4b816695d32,1664,564,562,True,False
SHSRC0056_index,SHSRC0056,02_source_texts/SHSRC0056/index.txt,data/corpus_raw/shanghan_jingui_combined/書籍/曹氏傷寒金匱發微合刊/index.txt,b6d82029fe6a304ab6716fa3759c5b0b2be172e51b5587c47f1fa0ab0db96441,924,338,326,True,False
SHSRC0056_menu,SHSRC0056,02_source_texts/SHSRC0056/menu.txt,data/corpus_raw/shanghan_jingui_combined/書籍/曹氏傷寒金匱發微合刊/menu.txt,53b4a2193290f6086bb032deb1f5880366b90dcbdee09f7ca0f1dff212869216,1236,594,547,True,False
SHSRC0057_0-1,SHSRC0057,02_source_texts/SHSRC0057/0-1.txt,data/corpus_raw/yian_cases/書籍/經方實驗錄/0-1.txt,a31eeb29859e7e5d870e629ece0f14499809d6f71f4f3c4cec4f2e1ad77d9c47,2753,931,911,True,False
SHSRC0057_1-1,SHSRC0057,02_source_texts/SHSRC0057/1-1.txt,data/corpus_raw/yian_cases/書籍/經方實驗錄/1-1.txt,a442de5cf4b90780e00ec65b4164c8ff180d80b705cbe2f1d89a0bd087641609,2311,799,766,True,False
SHSRC0057_1-10,SHSRC0057,02_source_texts/SHSRC0057/1-10.txt,data/corpus_raw/yian_cases/書籍/經方實驗錄/1-10.txt,0cb77d44a8f678604cf759e46381ece63693fbbd7012d891aef0a08f06a1247e,1668,576,554,True,False
SHSRC0057_1-11,SHSRC0057,02_source_texts/SHSRC0057/1-11.txt,data/corpus_raw/yian_cases/書籍/經方實驗錄/1-11.txt,7c038ef54d01a42356e4b396b5b61c80d7a39384bcf22362aedfc99f16634949,10793,3649,3575,True,False
SHSRC0057_1-12,SHSRC0057,02_source_texts/SHSRC0057/1-12.txt,data/corpus_raw/yian_cases/書籍/經方實驗錄/1-12.txt,d4542a6ebe25cb46f62e75495c7ec6a35df69705d8b6313c3b7640cec57e781c,3409,1163,1074,True,False
SHSRC0057_1-13,SHSRC0057,02_source_texts/SHSRC0057/1-13.txt,data/corpus_raw/yian_cases/書籍/經方實驗錄/1-13.txt,878e9b7f8d1a8ba4f1f3860ef4026f3c148efbf5a9c4d08e7f7ba8ca1dd43403,4382,1484,1447,True,False
SHSRC0057_1-14,SHSRC0057,02_source_texts/SHSRC0057/1-14.txt,data/corpus_raw/yian_cases/書籍/經方實驗錄/1-14.txt,e1fd359a2719905aa3d8b6bbe7548fe1bc243a10650b32611c500b80720d5252,2525,861,842,True,False
SHSRC0057_1-15,SHSRC0057,02_source_texts/SHSRC0057/1-15.txt,data/corpus_raw/yian_cases/書籍/經方實驗錄/1-15.txt,64a4b3b04b1537be96df1eedd1d49cfb3d10038eb3ad1f688384d84f1ea348c4,5207,1767,1731,True,False
SHSRC0057_1-16,SHSRC0057,02_source_texts/SHSRC0057/1-16.txt,data/corpus_raw/yian_cases/書籍/經方實驗錄/1-16.txt,7402f3cd159df452e22c027629cc0281571295440dadfb3c6cc3d1018565eac7,1157,405,382,True,False
SHSRC0057_1-17,SHSRC0057,02_source_texts/SHSRC0057/1-17.txt,data/corpus_raw/yian_cases/書籍/經方實驗錄/1-17.txt,572a7e806242e01454d66f1c8a9317d76f37fe7eabaac18da93740ef113ea804,4295,1455,1421,True,False
SHSRC0057_1-18,SHSRC0057,02_source_texts/SHSRC0057/1-18.txt,data/corpus_raw/yian_cases/書籍/經方實驗錄/1-18.txt,a49cb5e75b6c5dabe53021fb0ed8347d8648461a602929da99c72f0760771209,1466,508,487,True,False
SHSRC0057_1-19,SHSRC0057,02_source_texts/SHSRC0057/1-19.txt,data/corpus_raw/yian_cases/書籍/經方實驗錄/1-19.txt,0be46acfe7ad4b810a1267da26cc43eab012948b2c4e8f46bba232bd5804460d,1461,509,491,True,False
SHSRC0057_1-2,SHSRC0057,02_source_texts/SHSRC0057/1-2.txt,data/corpus_raw/yian_cases/書籍/經方實驗錄/1-2.txt,d4650b551ee785f43e6a6397cef45cf75fc4ce0d9bfa0abcbbc4282843151287,2577,885,850,True,False
SHSRC0057_1-20,SHSRC0057,02_source_texts/SHSRC0057/1-20.txt,data/corpus_raw/yian_cases/書籍/經方實驗錄/1-20.txt,a929d3da97acbb06bcc0a3d2caa8e0a612a08af21d1580ead7c608870a653ffb,1655,579,532,True,False
SHSRC0057_1-21,SHSRC0057,02_source_texts/SHSRC0057/1-21.txt,data/corpus_raw/yian_cases/書籍/經方實驗錄/1-21.txt,90a47465c419015b0a2080855ef2ad6f6e7ecb03f9b4b98c5e7d7554f77e7e40,2148,738,710,True,False
SHSRC0057_1-22,SHSRC0057,02_source_texts/SHSRC0057/1-22.txt,data/corpus_raw/yian_cases/書籍/經方實驗錄/1-22.txt,4b58037fae658ac847ad5dd73c21f59b064336a603a3913c2d9e5236834b7188,2755,943,914,True,False
SHSRC0057_1-23,SHSRC0057,02_source_texts/SHSRC0057/1-23.txt,data/corpus_raw/yian_cases/書籍/經方實驗錄/1-23.txt,14f080491d004a2576678daab766748680b246a25a31e2f856f67b8b5cc3b106,5263,1787,1685,True,False
SHSRC0057_1-24,SHSRC0057,02_source_texts/SHSRC0057/1-24.txt,data/corpus_raw/yian_cases/書籍/經方實驗錄/1-24.txt,625bd20c65f73bcd6601cb42b7ba0f1a32542731954dbfbf617a37f2376a0f9c,2727,937,895,True,False
SHSRC0057_1-25,SHSRC0057,02_source_texts/SHSRC0057/1-25.txt,data/corpus_raw/yian_cases/書籍/經方實驗錄/1-25.txt,cdf9625cf01e7989e86622ed2a25e1e92c16c613fbce8006fc901f870ac13b7d,2736,946,889,True,False
SHSRC0057_1-26,SHSRC0057,02_source_texts/SHSRC0057/1-26.txt,data/corpus_raw/yian_cases/書籍/經方實驗錄/1-26.txt,8c7c408c1e97cdde6dbbd7fe323f96a7ce2d3cc7af7dcda6533bb4c47ed66cff,5462,1856,1802,True,False
SHSRC0057_1-27,SHSRC0057,02_source_texts/SHSRC0057/1-27.txt,data/corpus_raw/yian_cases/書籍/經方實驗錄/1-27.txt,b7172bd27be5c657abfec96f6345bef931fc6dd5756dd32e16977b16ba6d1f97,5943,2055,1950,True,False
SHSRC0057_1-28,SHSRC0057,02_source_texts/SHSRC0057/1-28.txt,data/corpus_raw/yian_cases/書籍/經方實驗錄/1-28.txt,47a1a19202e3642cd66d2bca6bc15747af9ab3b6af4cac5c2167adfbc47aed3e,2393,821,796,True,False
SHSRC0057_1-29,SHSRC0057,02_source_texts/SHSRC0057/1-29.txt,data/corpus_raw/yian_cases/書籍/經方實驗錄/1-29.txt,114fa328286d13a019d636b93090d530c86b0ea0a9aba21dff535ed867693c1e,4187,1423,1385,True,False
SHSRC0057_1-3,SHSRC0057,02_source_texts/SHSRC0057/1-3.txt,data/corpus_raw/yian_cases/書籍/經方實驗錄/1-3.txt,b9b847635fe928ae000731466b9400feb5a5abfb8186aba3feaf649310919d49,1879,651,619,True,False
SHSRC0057_1-30,SHSRC0057,02_source_texts/SHSRC0057/1-30.txt,data/corpus_raw/yian_cases/書籍/經方實驗錄/1-30.txt,a7492733adec5558bdfdde6e0d154e0f76587d4a24141efb052f5509fcf78c80,3246,1104,1085,True,False
SHSRC0057_1-31,SHSRC0057,02_source_texts/SHSRC0057/1-31.txt,data/corpus_raw/yian_cases/書籍/經方實驗錄/1-31.txt,5b19f00773cef88d6b526d79d5da8c62803429d0175cd0a6b679dc5cd4b81289,2140,734,720,True,False
SHSRC0057_1-32,SHSRC0057,02_source_texts/SHSRC0057/1-32.txt,data/corpus_raw/yian_cases/書籍/經方實驗錄/1-32.txt,feaf2bf90b7716cc108a282d466a58f2270129a9ae4fb10f5be481a0c795f07e,321,125,110,True,False
SHSRC0057_1-33,SHSRC0057,02_source_texts/SHSRC0057/1-33.txt,data/corpus_raw/yian_cases/書籍/經方實驗錄/1-33.txt,ba943085fa3c59b91ca1be2521504f18a4a34eedd90f66dea62fc3954499532f,9652,3250,3173,True,False
SHSRC0057_1-4,SHSRC0057,02_source_texts/SHSRC0057/1-4.txt,data/corpus_raw/yian_cases/書籍/經方實驗錄/1-4.txt,4f28699c38f5c82dcaa174755b77305ed00c6c9567ff2f0a37fa3ca0da19c3aa,10031,3379,3322,True,False
SHSRC0057_1-5,SHSRC0057,02_source_texts/SHSRC0057/1-5.txt,data/corpus_raw/yian_cases/書籍/經方實驗錄/1-5.txt,34e30ccb41da69ce20cb969262acde5ef6dbb69ab40c7de615666073ccaafcf6,2335,799,785,True,False
SHSRC0057_1-6,SHSRC0057,02_source_texts/SHSRC0057/1-6.txt,data/corpus_raw/yian_cases/書籍/經方實驗錄/1-6.txt,e24ca3fdd9ebc9b8bc25a66c94f514b874e64abca6e3d0b0797adfb0c32742e4,5453,1845,1807,True,False
SHSRC0057_1-7,SHSRC0057,02_source_texts/SHSRC0057/1-7.txt,data/corpus_raw/yian_cases/書籍/經方實驗錄/1-7.txt,e30ee78067bf9751ac00bb554232ab7da9be39abb11383a01d060906f88afc8b,2955,1007,982,True,False
SHSRC0057_1-8,SHSRC0057,02_source_texts/SHSRC0057/1-8.txt,data/corpus_raw/yian_cases/書籍/經方實驗錄/1-8.txt,2ab9d50d1830c2739f06a112048b5ed2e29d72c7e299e69287e4d47e33abe9a6,1175,411,389,True,False
SHSRC0057_1-9,SHSRC0057,02_source_texts/SHSRC0057/1-9.txt,data/corpus_raw/yian_cases/書籍/經方實驗錄/1-9.txt,6c8e459fa8a6594f2f9e8e4cc9a0cc7096018551de002e365eb79f45ee0183be,1927,659,636,True,False
SHSRC0057_1,SHSRC0057,02_source_texts/SHSRC0057/1.txt,data/corpus_raw/yian_cases/書籍/經方實驗錄/1.txt,dff42e67096e7820508fb4c7bba16eb10a0aeb9cf0fe53d0ab07f378196aeec2,24,16,16,True,False
SHSRC0057_2-1,SHSRC0057,02_source_texts/SHSRC0057/2-1.txt,data/corpus_raw/yian_cases/書籍/經方實驗錄/2-1.txt,b2d79c9e270fb420f44136154486472e926b48c7ae923f8a3731f88469e004ab,2195,757,727,True,False
SHSRC0057_2-10,SHSRC0057,02_source_texts/SHSRC0057/2-10.txt,data/corpus_raw/yian_cases/書籍/經方實驗錄/2-10.txt,2c7e417e51212e8cc5885fbdab00f97b95c78fc31164efc70dfd46ae15a1bb7d,1085,385,353,True,False
SHSRC0057_2-11,SHSRC0057,02_source_texts/SHSRC0057/2-11.txt,data/corpus_raw/yian_cases/書籍/經方實驗錄/2-11.txt,592c051adef4a8bf775f87cddcea159cf0d5299f1a4001dcbd17cdba7aa885fd,1784,614,588,True,False
SHSRC0057_2-12,SHSRC0057,02_source_texts/SHSRC0057/2-12.txt,data/corpus_raw/yian_cases/書籍/經方實驗錄/2-12.txt,dc1216372e2334528b454fa2ae021e030a1a729f4566a9eb2b75d39c893ee741,900,322,283,True,False
SHSRC0057_2-13,SHSRC0057,02_source_texts/SHSRC0057/2-13.txt,data/corpus_raw/yian_cases/書籍/經方實驗錄/2-13.txt,d8277017cc039d901b8d374faf5496c12b91a0229dc722300267197233239e00,1846,632,622,True,False
SHSRC0057_2-14,SHSRC0057,02_source_texts/SHSRC0057/2-14.txt,data/corpus_raw/yian_cases/書籍/經方實驗錄/2-14.txt,0c4213ecc1b6e95a80c63a6ebe8a55d077f16b0777d2b25923375ccfc5bab516,994,344,337,True,False
SHSRC0057_2-15,SHSRC0057,02_source_texts/SHSRC0057/2-15.txt,data/corpus_raw/yian_cases/書籍/經方實驗錄/2-15.txt,942ea8ffd594bdf8be8d6a13f601131eb6ddd1c561f0ccdff3a2aa3c0e4c5441,1088,386,371,True,False
SHSRC0057_2-16,SHSRC0057,02_source_texts/SHSRC0057/2-16.txt,data/corpus_raw/yian_cases/書籍/經方實驗錄/2-16.txt,c2930deb3bd4a49b72358a3b7d25253c02152a34c731c52ae587054460f5020a,4159,1419,1385,True,False
SHSRC0057_2-17,SHSRC0057,02_source_texts/SHSRC0057/2-17.txt,data/corpus_raw/yian_cases/書籍/經方實驗錄/2-17.txt,62046a4f0fc2266fc1b29e561a8e6b53d2423dd175f89b41952529ccdb6699fc,1031,363,345,True,False
SHSRC0057_2-18,SHSRC0057,02_source_texts/SHSRC0057/2-18.txt,data/corpus_raw/yian_cases/書籍/經方實驗錄/2-18.txt,8f5d82f6e4391c534b43395cac401fa98f8c00fbe9bc60fc01c528704a97c0f1,2367,811,787,True,False
SHSRC0057_2-19,SHSRC0057,02_source_texts/SHSRC0057/2-19.txt,data/corpus_raw/yian_cases/書籍/經方實驗錄/2-19.txt,41e0a0133c15773de9766500161de8695f9314d729822f79c32fedf3b3a2044d,2205,755,729,True,False
SHSRC0057_2-2,SHSRC0057,02_source_texts/SHSRC0057/2-2.txt,data/corpus_raw/yian_cases/書籍/經方實驗錄/2-2.txt,55341e0583e9b735447397059f2293339e698a38f74b2bf1da4ac0effa27b894,3914,1348,1246,True,False
SHSRC0057_2-20,SHSRC0057,02_source_texts/SHSRC0057/2-20.txt,data/corpus_raw/yian_cases/書籍/經方實驗錄/2-20.txt,1ffd8826be1cd572c16a6091b62e418a80151bd16385c62f4f32cf2c6c412576,1097,391,362,True,False
SHSRC0057_2-21,SHSRC0057,02_source_texts/SHSRC0057/2-21.txt,data/corpus_raw/yian_cases/書籍/經方實驗錄/2-21.txt,eddb6e7dd88cab7b8e62d3dac80d0156b27abdaf637931dab755dbc0e5ce75f1,1315,461,414,True,False
SHSRC0057_2-22,SHSRC0057,02_source_texts/SHSRC0057/2-22.txt,data/corpus_raw/yian_cases/書籍/經方實驗錄/2-22.txt,6518250c0f1d40afeba3bae23f1595c54efb579d0762ae826d3579628be6f6d2,3271,1123,1096,True,False
SHSRC0057_2-23,SHSRC0057,02_source_texts/SHSRC0057/2-23.txt,data/corpus_raw/yian_cases/書籍/經方實驗錄/2-23.txt,c049686261dda7d981ca6b8c99659ec4dac60ccc5b60e06b42e68e3c23ef72fe,2003,689,660,True,False
SHSRC0057_2-24,SHSRC0057,02_source_texts/SHSRC0057/2-24.txt,data/corpus_raw/yian_cases/書籍/經方實驗錄/2-24.txt,d227ef818193857991f146854b70a4617705b06e5cb8ccfbb8649b9419510839,1057,375,347,True,False
SHSRC0057_2-25,SHSRC0057,02_source_texts/SHSRC0057/2-25.txt,data/corpus_raw/yian_cases/書籍/經方實驗錄/2-25.txt,63006fd46813fa5d762489b31d4bacd717ebe8f7d8e65c93b488a372a8f7f245,651,235,216,True,False
SHSRC0057_2-26,SHSRC0057,02_source_texts/SHSRC0057/2-26.txt,data/corpus_raw/yian_cases/書籍/經方實驗錄/2-26.txt,80e7ed653aabd26f3c810ede57a799a14d370909aab643a58b84a3c0ec1bdd4b,8220,2782,2713,True,False
SHSRC0057_2-27,SHSRC0057,02_source_texts/SHSRC0057/2-27.txt,data/corpus_raw/yian_cases/書籍/經方實驗錄/2-27.txt,a99fe463e760751c3a3986c63bf3ecdcf2a320a3b4d75d4ad87dcefcfaf28d0f,548,198,183,True,False
SHSRC0057_2-28,SHSRC0057,02_source_texts/SHSRC0057/2-28.txt,data/corpus_raw/yian_cases/書籍/經方實驗錄/2-28.txt,620dfdcae2b0b7d3a554ca5bd8d45585ce1ef3bf88ed7c788f98f1e94391eb26,4477,1521,1490,True,False
SHSRC0057_2-29,SHSRC0057,02_source_texts/SHSRC0057/2-29.txt,data/corpus_raw/yian_cases/書籍/經方實驗錄/2-29.txt,d0e651eb03cd7175968bdd87d22150f79f1a4b41a8324ea6f6a1cc6f86e2c49b,14216,4782,4721,True,False
SHSRC0057_2-3,SHSRC0057,02_source_texts/SHSRC0057/2-3.txt,data/corpus_raw/yian_cases/書籍/經方實驗錄/2-3.txt,edec541b85a0602028f8e9633b294a80becce432134353d71e822947500f0fdd,918,328,304,True,False
SHSRC0057_2-30,SHSRC0057,02_source_texts/SHSRC0057/2-30.txt,data/corpus_raw/yian_cases/書籍/經方實驗錄/2-30.txt,d44b83561ba38f66b3655c169085f69a6587cf2a9926416db862b2dbe0b3586b,5394,1824,1792,True,False
SHSRC0057_2-31,SHSRC0057,02_source_texts/SHSRC0057/2-31.txt,data/corpus_raw/yian_cases/書籍/經方實驗錄/2-31.txt,365b5d5284adfb666075b1c3a32fe9de763bc94aec5cf4149834461bb87aed59,4997,1693,1655,True,False
SHSRC0057_2-32,SHSRC0057,02_source_texts/SHSRC0057/2-32.txt,data/corpus_raw/yian_cases/書籍/經方實驗錄/2-32.txt,c9717a2bada87bf23f8fd26b0f289d459e9fa9991257cc37bc7f0b1fd02cc525,1071,379,355,True,False
SHSRC0057_2-33,SHSRC0057,02_source_texts/SHSRC0057/2-33.txt,data/corpus_raw/yian_cases/書籍/經方實驗錄/2-33.txt,116a1a722b3eb53489858064615dba2b61400f6f42a0bdb2efd27587e8695dbc,3801,1301,1244,True,False
SHSRC0057_2-34,SHSRC0057,02_source_texts/SHSRC0057/2-34.txt,data/corpus_raw/yian_cases/書籍/經方實驗錄/2-34.txt,4119d81a8ecf36acba5e7b1ddbc431ffb293bff1013e1da578e8aa6d1b1df2f3,1593,553,531,True,False
SHSRC0057_2-35,SHSRC0057,02_source_texts/SHSRC0057/2-35.txt,data/corpus_raw/yian_cases/書籍/經方實驗錄/2-35.txt,3f66c23932e7f788e8917bcd1dd10a87360ab94abc3572d87cc4c680683a0101,1064,370,363,True,False
SHSRC0057_2-36,SHSRC0057,02_source_texts/SHSRC0057/2-36.txt,data/corpus_raw/yian_cases/書籍/經方實驗錄/2-36.txt,ee2123f95fd3c4111f7bba2f5c0fc2dddaa89213a87b05985ad33fdfb83f52d0,3705,1261,1239,True,False
SHSRC0057_2-37,SHSRC0057,02_source_texts/SHSRC0057/2-37.txt,data/corpus_raw/yian_cases/書籍/經方實驗錄/2-37.txt,7a832c9a9b783fa87540282dcb30530b440948ea85e8783b3cc74ef6c6642d12,971,343,333,True,False
SHSRC0057_2-38,SHSRC0057,02_source_texts/SHSRC0057/2-38.txt,data/corpus_raw/yian_cases/書籍/經方實驗錄/2-38.txt,76116b81cf521a665fa895d9690fdf822568f9fca287867fadcb22ea5a9b6439,1982,684,656,True,False
SHSRC0057_2-39,SHSRC0057,02_source_texts/SHSRC0057/2-39.txt,data/corpus_raw/yian_cases/書籍/經方實驗錄/2-39.txt,408bda46f3352f245eb10be9c35de8bde2fbccf667c3996ce04aeac3d7844a55,2341,801,788,True,False
SHSRC0057_2-4,SHSRC0057,02_source_texts/SHSRC0057/2-4.txt,data/corpus_raw/yian_cases/書籍/經方實驗錄/2-4.txt,a4b31119299dd87c9c1512458993295cd4fa4252a6a0e4271ee090afd3d621cc,2092,722,691,True,False
SHSRC0057_2-40,SHSRC0057,02_source_texts/SHSRC0057/2-40.txt,data/corpus_raw/yian_cases/書籍/經方實驗錄/2-40.txt,76396605fe8b9e5916962f6e0cfaf4cbef1138b0dd200423043890688f7cca46,929,329,311,True,False
SHSRC0057_2-5,SHSRC0057,02_source_texts/SHSRC0057/2-5.txt,data/corpus_raw/yian_cases/書籍/經方實驗錄/2-5.txt,f4969fe611550a9d57db16f56e41f36bbd227f5fcc7a42a3f555bf39d0851e5b,1224,428,404,True,False
SHSRC0057_2-6,SHSRC0057,02_source_texts/SHSRC0057/2-6.txt,data/corpus_raw/yian_cases/書籍/經方實驗錄/2-6.txt,1ca4d179d0a06396e62d16a1e2fa52fa04f06ef546dc095501bd7b4aca952adf,3746,1276,1258,True,False
SHSRC0057_2-7,SHSRC0057,02_source_texts/SHSRC0057/2-7.txt,data/corpus_raw/yian_cases/書籍/經方實驗錄/2-7.txt,9b7ea085316dac0677e00825fd813ab2fa2e33b3981cacf229301c5b104e6286,3123,1071,1044,True,False
SHSRC0057_2-8,SHSRC0057,02_source_texts/SHSRC0057/2-8.txt,data/corpus_raw/yian_cases/書籍/經方實驗錄/2-8.txt,c18e73a8197edc47eefc8f9c3c5a407415bb8a14e8b84733505e8bf9a295f0a0,3043,1045,1004,True,False
SHSRC0057_2-9,SHSRC0057,02_source_texts/SHSRC0057/2-9.txt,data/corpus_raw/yian_cases/書籍/經方實驗錄/2-9.txt,ad81f01360bd22880dfe6e42f35b909fd970b635e1a7b7962773b9f9e09b11dc,2421,827,800,True,False
SHSRC0057_2,SHSRC0057,02_source_texts/SHSRC0057/2.txt,data/corpus_raw/yian_cases/書籍/經方實驗錄/2.txt,1f28f9354eea80f525b0ede11fe1d98a1b4f040d53a875c14a24916e505bfbd0,24,16,16,True,False
SHSRC0057_3-1,SHSRC0057,02_source_texts/SHSRC0057/3-1.txt,data/corpus_raw/yian_cases/書籍/經方實驗錄/3-1.txt,e3cae16e3e39c392a6edf47331b0685447f85696877ecc45715670c83a670aff,3125,1073,1020,True,False
SHSRC0057_3-10,SHSRC0057,02_source_texts/SHSRC0057/3-10.txt,data/corpus_raw/yian_cases/書籍/經方實驗錄/3-10.txt,9549fe850e67a5afea448787aeeded6f2dad7c541ceb46529ec0b9855302d892,13323,4501,4371,True,False
SHSRC0057_3-11,SHSRC0057,02_source_texts/SHSRC0057/3-11.txt,data/corpus_raw/yian_cases/書籍/經方實驗錄/3-11.txt,7db928140eaa3bdd7da2a184b3253908860a224ed81b02d9e7b7d0780b914718,2130,736,690,True,False
SHSRC0057_3-12,SHSRC0057,02_source_texts/SHSRC0057/3-12.txt,data/corpus_raw/yian_cases/書籍/經方實驗錄/3-12.txt,918bc5577179a9f930217753d375814fa65a6ba7048959eedc8283a944ee771b,59,31,29,True,False
SHSRC0057_3-13,SHSRC0057,02_source_texts/SHSRC0057/3-13.txt,data/corpus_raw/yian_cases/書籍/經方實驗錄/3-13.txt,d5e44d9d4e70e66e6267a45e188782cb600e9067604e3269d58883761f13216b,1931,669,640,True,False
SHSRC0057_3-14,SHSRC0057,02_source_texts/SHSRC0057/3-14.txt,data/corpus_raw/yian_cases/書籍/經方實驗錄/3-14.txt,5492d5ec50d57f308736ef2606988f376470c860a1b12d20a2885b478cbdbdc7,3061,1045,1008,True,False
SHSRC0057_3-15,SHSRC0057,02_source_texts/SHSRC0057/3-15.txt,data/corpus_raw/yian_cases/書籍/經方實驗錄/3-15.txt,225f87a50136ddf6ccedb4f5157300becbc0dbc538da2759dd4565b2cdda35f7,2530,872,823,True,False
SHSRC0057_3-16,SHSRC0057,02_source_texts/SHSRC0057/3-16.txt,data/corpus_raw/yian_cases/書籍/經方實驗錄/3-16.txt,def3b9ace2a0d01cea85b244f9f9eb0aaa3ff4028a8cef1993aeb1ab5b5c8cac,518,192,169,True,False
SHSRC0057_3-17,SHSRC0057,02_source_texts/SHSRC0057/3-17.txt,data/corpus_raw/yian_cases/書籍/經方實驗錄/3-17.txt,574ee40966252a89ead16fb912e2eb15d0eb56d92ab98a505ee8a9e8edc7f005,520,194,166,True,False
SHSRC0057_3-18,SHSRC0057,02_source_texts/SHSRC0057/3-18.txt,data/corpus_raw/yian_cases/書籍/經方實驗錄/3-18.txt,305d2c7779dab3f3aeb4701a648e427166ff55593ffdcd410a7e31ac6f0cb462,2379,821,774,True,False
SHSRC0057_3-19,SHSRC0057,02_source_texts/SHSRC0057/3-19.txt,data/corpus_raw/yian_cases/書籍/經方實驗錄/3-19.txt,89b46ed8c8f782c0f1d23ad35e5e61f097b90da19e244ea1573ce3ea3bee0d46,1291,451,438,True,False
SHSRC0057_3-2,SHSRC0057,02_source_texts/SHSRC0057/3-2.txt,data/corpus_raw/yian_cases/書籍/經方實驗錄/3-2.txt,c9c08d5fd6651c1a3eecd7360c01517018a5c5f5cc3e0d43731692e5582f3eda,5565,1909,1754,True,False
SHSRC0057_3-20,SHSRC0057,02_source_texts/SHSRC0057/3-20.txt,data/corpus_raw/yian_cases/書籍/經方實驗錄/3-20.txt,4d679bcf4a08224df0d6e6d5c96b1d22d50658b8d2ff204972f3fde3c0035c6d,4597,1557,1532,True,False
SHSRC0057_3-21,SHSRC0057,02_source_texts/SHSRC0057/3-21.txt,data/corpus_raw/yian_cases/書籍/經方實驗錄/3-21.txt,3ed8b32ba027f930d72d441021f540c92cbfc36bf95310fe97dc04c04349d49a,3197,1109,1016,True,False
SHSRC0057_3-22,SHSRC0057,02_source_texts/SHSRC0057/3-22.txt,data/corpus_raw/yian_cases/書籍/經方實驗錄/3-22.txt,a3aecd97205954892135815be54b05f4a0e620ce5da48a7f201c4aa8a54240c2,7791,2643,2577,True,False
SHSRC0057_3-23,SHSRC0057,02_source_texts/SHSRC0057/3-23.txt,data/corpus_raw/yian_cases/書籍/經方實驗錄/3-23.txt,130974ccfd19921fcd81557c0403365903fcdc3345779caf74149dd4c1d73624,2139,739,715,True,False
SHSRC0057_3-24,SHSRC0057,02_source_texts/SHSRC0057/3-24.txt,data/corpus_raw/yian_cases/書籍/經方實驗錄/3-24.txt,632fd094a3bfb35b261c3d3f0a17aa356b3492a3b87a4f8b5d8063b8300948f6,5021,1711,1657,True,False
SHSRC0057_3-25,SHSRC0057,02_source_texts/SHSRC0057/3-25.txt,data/corpus_raw/yian_cases/書籍/經方實驗錄/3-25.txt,4d2aed4a7baff3ed5a4d089b655d2c19f879314b31103c41f8bc9a59fce5ba5d,4747,1613,1568,True,False
SHSRC0057_3-3,SHSRC0057,02_source_texts/SHSRC0057/3-3.txt,data/corpus_raw/yian_cases/書籍/經方實驗錄/3-3.txt,7b69fa58981ccca4574e26fe67a97d9a839b4533df8804c820c2fee771431ef6,2048,718,666,True,False
SHSRC0057_3-4,SHSRC0057,02_source_texts/SHSRC0057/3-4.txt,data/corpus_raw/yian_cases/書籍/經方實驗錄/3-4.txt,e65cae419c3986903ee40a0554ee951c566043e1f32e4cc36d5a212299534b07,8896,3004,2926,True,False
SHSRC0057_3-5,SHSRC0057,02_source_texts/SHSRC0057/3-5.txt,data/corpus_raw/yian_cases/書籍/經方實驗錄/3-5.txt,7e080fcc83bff53b2f4eb77e4887b6092515255b49f7c3a79800f1eed9d6e1c2,8321,2833,2703,True,False
SHSRC0057_3-6,SHSRC0057,02_source_texts/SHSRC0057/3-6.txt,data/corpus_raw/yian_cases/書籍/經方實驗錄/3-6.txt,0637c09776f0b28cb6a4e42fda57e667b83691647189559b51af1b50c77c8195,13108,4432,4336,True,False
SHSRC0057_3-7,SHSRC0057,02_source_texts/SHSRC0057/3-7.txt,data/corpus_raw/yian_cases/書籍/經方實驗錄/3-7.txt,14e5f066722b58c3fadf08e0b2353800f7ef539c463ca2773a6be721697675c8,9507,3219,3119,True,False
SHSRC0057_3-8,SHSRC0057,02_source_texts/SHSRC0057/3-8.txt,data/corpus_raw/yian_cases/書籍/經方實驗錄/3-8.txt,522f6ebb219bc079c2bf601307b1cde48dcfeedfcdeddb69671222cdf194c376,4354,1484,1436,True,False
SHSRC0057_3-9,SHSRC0057,02_source_texts/SHSRC0057/3-9.txt,data/corpus_raw/yian_cases/書籍/經方實驗錄/3-9.txt,c7f538890d8358dfd16fcde9cba82592e3a7d6e345b5120f064412883f61ffe5,974,350,310,True,False
SHSRC0057_3,SHSRC0057,02_source_texts/SHSRC0057/3.txt,data/corpus_raw/yian_cases/書籍/經方實驗錄/3.txt,d4d0e8d7a37773125f563e537c4d2c0c42d0cf7eba215368ffcba478198e3695,24,16,16,True,False
SHSRC0057_index,SHSRC0057,02_source_texts/SHSRC0057/index.txt,data/corpus_raw/yian_cases/書籍/經方實驗錄/index.txt,cab59508a0f0c853b46edf394099ba49c0ab1c500bdb33d43c9e3d9e9d81ed72,156,82,71,True,False
SHSRC0057_menu,SHSRC0057,02_source_texts/SHSRC0057/menu.txt,data/corpus_raw/yian_cases/書籍/經方實驗錄/menu.txt,c9532d5b3e640be587f491d27855f8396f906d6be9691ad760670847823cdefb,4227,1803,1526,True,False
