stratum,relation_id,reviewer_b_status,reviewer_b_id,reviewer_b_date,reviewer_b_reason
commentary_support,REL_03604,,,,
commentary_support,REL_01676,,,,
commentary_support,REL_02654,,,,
commentary_support,REL_02293,,,,
commentary_support,REL_02801,,,,
commentary_support,REL_01990,,,,
commentary_support,REL_02090,,,,
commentary_support,REL_03363,,,,
commentary_support,REL_02492,,,,
commentary_support,REL_03433,,,,
commentary_support,REL_02359,,,,
commentary_support,REL_02475,,,,
commentary_support,REL_01813,,,,
commentary_support,REL_01700,,,,
commentary_support,REL_03713,,,,
commentary_support,REL_03439,,,,
commentary_support,REL_01510,,,,
commentary_support,REL_03277,,,,
commentary_support,REL_03272,,,,
commentary_support,REL_01692,,,,
commentary_support,REL_03342,,,,
commentary_support,REL_02447,,,,
commentary_support,REL_03220,,,,
commentary_support,REL_02553,,,,
commentary_support,REL_02996,,,,
commentary_support,REL_01569,,,,
commentary_support,REL_03998,,,,
commentary_support,REL_02246,,,,
commentary_support,REL_02075,,,,
commentary_support,REL_01774,,,,
commentary_support,REL_04246,,,,
commentary_support,REL_03535,,,,
commentary_support,REL_03360,,,,
commentary_support,REL_02184,,,,
commentary_support,REL_03742,,,,
commentary_support,REL_02656,,,,
commentary_support,REL_02224,,,,
commentary_support,REL_02488,,,,
commentary_support,REL_02063,,,,
commentary_support,REL_03502,,,,
commentary_support,REL_03366,,,,
commentary_support,REL_03550,,,,
commentary_support,REL_02372,,,,
commentary_support,REL_03634,,,,
commentary_support,REL_01690,,,,
commentary_support,REL_02300,,,,
commentary_support,REL_02768,,,,
commentary_support,REL_02970,,,,
commentary_support,REL_03385,,,,
commentary_support,REL_01504,,,,
commentary_support,REL_01760,,,,
commentary_support,REL_04039,,,,
commentary_support,REL_02826,,,,
commentary_support,REL_01796,,,,
commentary_support,REL_03754,,,,
commentary_support,REL_02399,,,,
commentary_support,REL_03103,,,,
commentary_support,REL_02636,,,,
commentary_support,REL_03153,,,,
commentary_support,REL_03345,,,,
commentary_support,REL_01401,,,,
commentary_support,REL_03137,,,,
commentary_support,REL_04047,,,,
commentary_support,REL_02338,,,,
commentary_support,REL_01686,,,,
commentary_support,REL_02065,,,,
commentary_support,REL_03245,,,,
commentary_support,REL_03401,,,,
commentary_support,REL_03899,,,,
commentary_support,REL_03174,,,,
commentary_support,REL_02091,,,,
commentary_support,REL_03007,,,,
commentary_support,REL_04229,,,,
commentary_support,REL_02796,,,,
commentary_support,REL_02202,,,,
commentary_support,REL_02044,,,,
commentary_support,REL_01403,,,,
commentary_support,REL_02046,,,,
commentary_support,REL_02722,,,,
commentary_support,REL_02104,,,,
commentary_support,REL_01781,,,,
commentary_support,REL_02503,,,,
commentary_support,REL_03341,,,,
commentary_support,REL_03218,,,,
commentary_support,REL_03199,,,,
commentary_support,REL_01586,,,,
commentary_support,REL_04201,,,,
commentary_support,REL_01788,,,,
commentary_support,REL_02333,,,,
commentary_support,REL_03991,,,,
commentary_support,REL_02472,,,,
commentary_support,REL_04101,,,,
commentary_support,REL_04026,,,,
commentary_support,REL_01644,,,,
commentary_support,REL_02060,,,,
commentary_support,REL_02402,,,,
commentary_support,REL_02178,,,,
commentary_support,REL_02498,,,,
commentary_support,REL_03943,,,,
commentary_support,REL_01541,,,,
commentary_support,REL_03336,,,,
commentary_support,REL_03488,,,,
commentary_support,REL_03498,,,,
commentary_support,REL_02435,,,,
commentary_support,REL_02778,,,,
commentary_support,REL_01523,,,,
commentary_support,REL_02025,,,,
commentary_support,REL_03886,,,,
commentary_support,REL_01594,,,,
commentary_support,REL_03576,,,,
commentary_support,REL_01817,,,,
commentary_support,REL_03324,,,,
commentary_support,REL_03055,,,,
commentary_support,REL_02670,,,,
commentary_support,REL_02724,,,,
commentary_support,REL_02373,,,,
commentary_support,REL_03146,,,,
commentary_support,REL_02310,,,,
commentary_support,REL_01531,,,,
commentary_support,REL_03009,,,,
commentary_support,REL_04196,,,,
commentary_support,REL_03766,,,,
commentary_support,REL_01724,,,,
commentary_support,REL_01991,,,,
commentary_support,REL_02946,,,,
commentary_support,REL_02707,,,,
commentary_support,REL_03792,,,,
commentary_support,REL_02842,,,,
commentary_support,REL_02614,,,,
commentary_support,REL_01388,,,,
commentary_support,REL_03302,,,,
commentary_support,REL_03692,,,,
commentary_support,REL_03044,,,,
commentary_support,REL_01886,,,,
commentary_support,REL_03509,,,,
commentary_support,REL_02518,,,,
commentary_support,REL_01376,,,,
commentary_support,REL_02702,,,,
commentary_support,REL_03151,,,,
commentary_support,REL_03894,,,,
commentary_support,REL_02043,,,,
commentary_support,REL_03040,,,,
commentary_support,REL_04024,,,,
commentary_support,REL_03670,,,,
commentary_support,REL_03842,,,,
commentary_support,REL_02226,,,,
commentary_support,REL_03381,,,,
commentary_support,REL_03276,,,,
commentary_support,REL_01954,,,,
commentary_support,REL_03485,,,,
commentary_support,REL_02594,,,,
commentary_support,REL_04064,,,,
commentary_support,REL_03505,,,,
commentary_support,REL_03038,,,,
commentary_support,REL_01956,,,,
commentary_support,REL_02314,,,,
commentary_support,REL_02764,,,,
commentary_support,REL_02279,,,,
commentary_support,REL_03117,,,,
commentary_support,REL_02835,,,,
commentary_support,REL_01759,,,,
commentary_support,REL_01452,,,,
commentary_support,REL_02766,,,,
commentary_support,REL_02369,,,,
commentary_support,REL_02297,,,,
commentary_support,REL_03877,,,,
commentary_support,REL_03787,,,,
commentary_support,REL_01580,,,,
commentary_support,REL_03892,,,,
commentary_support,REL_01917,,,,
commentary_support,REL_04206,,,,
commentary_support,REL_03107,,,,
commentary_support,REL_03719,,,,
commentary_support,REL_01818,,,,
commentary_support,REL_02991,,,,
commentary_support,REL_02363,,,,
commentary_support,REL_01798,,,,
commentary_support,REL_02262,,,,
commentary_support,REL_04226,,,,
commentary_support,REL_03990,,,,
commentary_support,REL_02089,,,,
commentary_support,REL_04183,,,,
commentary_support,REL_01344,,,,
commentary_support,REL_02605,,,,
commentary_support,REL_02511,,,,
commentary_support,REL_03623,,,,
commentary_support,REL_04087,,,,
commentary_support,REL_02776,,,,
commentary_support,REL_02021,,,,
commentary_support,REL_04228,,,,
commentary_support,REL_01363,,,,
commentary_support,REL_02865,,,,
commentary_support,REL_03139,,,,
commentary_support,REL_03191,,,,
commentary_support,REL_02570,,,,
commentary_support,REL_02023,,,,
commentary_support,REL_02699,,,,
commentary_support,REL_02688,,,,
commentary_support,REL_03270,,,,
commentary_support,REL_01830,,,,
commentary_support,REL_02289,,,,
commentary_support,REL_03004,,,,
commentary_support,REL_03417,,,,
commentary_support,REL_01982,,,,
commentary_support,REL_02808,,,,
commentary_support,REL_02675,,,,
commentary_support,REL_03303,,,,
commentary_support,REL_02267,,,,
commentary_support,REL_01971,,,,
commentary_support,REL_03465,,,,
commentary_support,REL_02321,,,,
commentary_support,REL_03940,,,,
commentary_support,REL_01873,,,,
commentary_support,REL_04162,,,,
commentary_support,REL_03025,,,,
commentary_support,REL_03889,,,,
commentary_support,REL_02357,,,,
commentary_support,REL_04158,,,,
commentary_support,REL_03608,,,,
commentary_support,REL_02858,,,,
commentary_support,REL_03581,,,,
commentary_support,REL_03753,,,,
commentary_support,REL_03718,,,,
commentary_support,REL_01981,,,,
commentary_support,REL_02406,,,,
commentary_support,REL_01455,,,,
commentary_support,REL_03194,,,,
commentary_support,REL_03289,,,,
commentary_support,REL_03843,,,,
commentary_support,REL_03060,,,,
commentary_support,REL_02095,,,,
commentary_support,REL_01609,,,,
commentary_support,REL_01707,,,,
commentary_support,REL_02396,,,,
commentary_support,REL_01729,,,,
commentary_support,REL_04105,,,,
commentary_support,REL_02602,,,,
commentary_support,REL_02901,,,,
commentary_support,REL_01952,,,,
commentary_support,REL_01953,,,,
commentary_support,REL_01645,,,,
commentary_support,REL_03293,,,,
commentary_support,REL_03308,,,,
commentary_support,REL_02477,,,,
commentary_support,REL_02461,,,,
commentary_support,REL_03609,,,,
commentary_support,REL_02244,,,,
commentary_support,REL_04188,,,,
commentary_support,REL_03659,,,,
commentary_support,REL_02481,,,,
commentary_support,REL_03948,,,,
commentary_support,REL_04006,,,,
commentary_support,REL_02856,,,,
commentary_support,REL_03414,,,,
commentary_support,REL_03427,,,,
commentary_support,REL_03816,,,,
commentary_support,REL_01413,,,,
commentary_support,REL_02326,,,,
commentary_support,REL_02032,,,,
commentary_support,REL_03053,,,,
commentary_support,REL_03547,,,,
commentary_support,REL_02210,,,,
commentary_support,REL_01869,,,,
commentary_support,REL_03322,,,,
commentary_support,REL_04280,,,,
commentary_support,REL_02754,,,,
commentary_support,REL_02233,,,,
commentary_support,REL_04098,,,,
commentary_support,REL_03508,,,,
commentary_support,REL_02568,,,,
commentary_support,REL_02951,,,,
commentary_support,REL_01572,,,,
commentary_support,REL_01382,,,,
commentary_support,REL_01423,,,,
commentary_support,REL_03021,,,,
commentary_support,REL_03196,,,,
commentary_support,REL_02001,,,,
commentary_support,REL_02312,,,,
commentary_support,REL_03658,,,,
commentary_support,REL_03162,,,,
commentary_support,REL_03041,,,,
commentary_support,REL_03590,,,,
commentary_support,REL_01631,,,,
commentary_support,REL_01389,,,,
commentary_support,REL_03212,,,,
commentary_support,REL_01725,,,,
commentary_support,REL_04061,,,,
commentary_support,REL_02979,,,,
commentary_support,REL_01395,,,,
commentary_support,REL_02635,,,,
commentary_support,REL_03543,,,,
commentary_support,REL_02157,,,,
commentary_support,REL_02469,,,,
commentary_support,REL_03128,,,,
commentary_support,REL_03113,,,,
commentary_support,REL_02592,,,,
commentary_support,REL_03407,,,,
commentary_support,REL_02929,,,,
commentary_support,REL_02945,,,,
commentary_support,REL_04133,,,,
commentary_support,REL_02959,,,,
commentary_support,REL_03584,,,,
commentary_support,REL_01623,,,,
commentary_support,REL_03651,,,,
commentary_support,REL_02335,,,,
commentary_support,REL_02098,,,,
commentary_support,REL_02514,,,,
commentary_support,REL_02362,,,,
commentary_support,REL_02563,,,,
commentary_support,REL_02517,,,,
commentary_support,REL_02581,,,,
commentary_support,REL_02710,,,,
commentary_support,REL_02824,,,,
commentary_support,REL_03769,,,,
commentary_support,REL_03614,,,,
commentary_support,REL_01984,,,,
commentary_support,REL_03682,,,,
commentary_support,REL_02085,,,,
commentary_support,REL_03836,,,,
commentary_support,REL_02169,,,,
commentary_support,REL_03745,,,,
commentary_support,REL_02309,,,,
commentary_support,REL_02162,,,,
commentary_support,REL_02765,,,,
commentary_support,REL_04211,,,,
commentary_support,REL_02940,,,,
commentary_support,REL_02586,,,,
commentary_support,REL_03789,,,,
commentary_support,REL_01945,,,,
commentary_support,REL_01557,,,,
commentary_support,REL_03286,,,,
commentary_support,REL_02529,,,,
commentary_support,REL_02342,,,,
commentary_support,REL_01526,,,,
commentary_support,REL_03475,,,,
commentary_support,REL_01632,,,,
commentary_support,REL_03019,,,,
commentary_support,REL_03601,,,,
commentary_support,REL_02400,,,,
commentary_support,REL_02921,,,,
commentary_support,REL_01501,,,,
commentary_support,REL_02018,,,,
commentary_support,REL_02138,,,,
commentary_support,REL_03786,,,,
commentary_support,REL_01576,,,,
commentary_support,REL_03661,,,,
contraindication,REL_00592,,,,
differential,REL_00670,,,,
differential,REL_00651,,,,
differential,REL_00686,,,,
differential,REL_00636,,,,
differential,REL_00696,,,,
differential,REL_00679,,,,
differential,REL_00680,,,,
differential,REL_00690,,,,
differential,REL_00702,,,,
differential,REL_00606,,,,
differential,REL_00704,,,,
differential,REL_00644,,,,
differential,REL_00622,,,,
differential,REL_00623,,,,
mistreatment_transformation,REL_00580,,,,
mistreatment_transformation,REL_00565,,,,
mistreatment_transformation,REL_00561,,,,
mistreatment_transformation,REL_00541,,,,
mistreatment_transformation,REL_00546,,,,
mistreatment_transformation,REL_00545,,,,
same_formula_family,REL_00396,,,,
same_formula_family,REL_00418,,,,
same_formula_family,REL_00422,,,,
same_formula_family,REL_00481,,,,
same_formula_family,REL_00406,,,,
same_formula_family,REL_00465,,,,
same_formula_family,REL_00531,,,,
same_formula_family,REL_00404,,,,
same_formula_family,REL_00529,,,,
same_formula_family,REL_00502,,,,
same_formula_family,REL_00493,,,,
same_formula_family,REL_00392,,,,
same_formula_family,REL_00524,,,,
same_formula_family,REL_00448,,,,
same_formula_family,REL_00458,,,,
same_formula_family,REL_00537,,,,
same_formula_family,REL_00432,,,,
same_formula_family,REL_00456,,,,
sequence,REL_00296,,,,
sequence,REL_00156,,,,
sequence,REL_00252,,,,
sequence,REL_00127,,,,
sequence,REL_00162,,,,
sequence,REL_00212,,,,
sequence,REL_00166,,,,
sequence,REL_00363,,,,
sequence,REL_00030,,,,
sequence,REL_00287,,,,
sequence,REL_00025,,,,
sequence,REL_00160,,,,
sequence,REL_00128,,,,
sequence,REL_00032,,,,
sequence,REL_00161,,,,
sequence,REL_00243,,,,
sequence,REL_00076,,,,
sequence,REL_00284,,,,
sequence,REL_00125,,,,
sequence,REL_00310,,,,
sequence,REL_00072,,,,
sequence,REL_00354,,,,
sequence,REL_00298,,,,
sequence,REL_00302,,,,
sequence,REL_00201,,,,
sequence,REL_00339,,,,
sequence,REL_00155,,,,
sequence,REL_00208,,,,
sequence,REL_00254,,,,
sequence,REL_00144,,,,
sequence,REL_00246,,,,
sequence,REL_00277,,,,
sequence,REL_00111,,,,
sequence,REL_00319,,,,
sequence,REL_00139,,,,
sequence,REL_00044,,,,
sequence,REL_00372,,,,
sequence,REL_00276,,,,
sequence,REL_00233,,,,
sequence,REL_00329,,,,
sequence,REL_00290,,,,
sequence,REL_00097,,,,
sequence,REL_00368,,,,
sequence,REL_00054,,,,
sequence,REL_00384,,,,
transmission,REL_00712,,,,
variant,REL_01215,,,,
variant,REL_00878,,,,
variant,REL_00854,,,,
variant,REL_00915,,,,
variant,REL_00952,,,,
variant,REL_01234,,,,
variant,REL_01269,,,,
variant,REL_00874,,,,
variant,REL_01027,,,,
variant,REL_01068,,,,
variant,REL_01042,,,,
variant,REL_00739,,,,
variant,REL_01201,,,,
variant,REL_01051,,,,
variant,REL_01226,,,,
variant,REL_00830,,,,
variant,REL_01282,,,,
variant,REL_01189,,,,
variant,REL_01264,,,,
variant,REL_01324,,,,
variant,REL_01326,,,,
variant,REL_01003,,,,
variant,REL_01199,,,,
variant,REL_01125,,,,
variant,REL_01261,,,,
variant,REL_01143,,,,
variant,REL_00732,,,,
variant,REL_01021,,,,
variant,REL_01089,,,,
variant,REL_01262,,,,
variant,REL_00872,,,,
variant,REL_00717,,,,
variant,REL_00789,,,,
variant,REL_01057,,,,
variant,REL_00722,,,,
variant,REL_01156,,,,
variant,REL_01309,,,,
variant,REL_00879,,,,
variant,REL_00824,,,,
variant,REL_01287,,,,
variant,REL_00888,,,,
variant,REL_00889,,,,
variant,REL_01071,,,,
variant,REL_00766,,,,
variant,REL_00944,,,,
variant,REL_00923,,,,
variant,REL_00757,,,,
variant,REL_01055,,,,
variant,REL_01225,,,,
variant,REL_01241,,,,
variant,REL_00793,,,,
variant,REL_00943,,,,
variant,REL_01283,,,,
variant,REL_01015,,,,
variant,REL_01312,,,,
variant,REL_00794,,,,
variant,REL_01165,,,,
variant,REL_00821,,,,
variant,REL_01196,,,,
variant,REL_00966,,,,
variant,REL_00839,,,,
variant,REL_00984,,,,
variant,REL_01105,,,,
variant,REL_00714,,,,
variant,REL_01318,,,,
variant,REL_01325,,,,
variant,REL_00860,,,,
variant,REL_01130,,,,
variant,REL_00763,,,,
variant,REL_00720,,,,
variant,REL_00728,,,,
variant,REL_01184,,,,
