stratum,commentary_id,reviewer_b_status,reviewer_b_id,reviewer_b_date,reviewer_b_reason
丹波元簡,CR_JIYI_0317,,,,
丹波元簡,CR_JIYI_0360,,,,
丹波元簡,CR_JIYI_0067,,,,
丹波元簡,CR_JIYI_0044,,,,
丹波元簡,CR_JIYI_0202,,,,
丹波元簡,CR_JIYI_0055,,,,
丹波元簡,CR_JIYI_0102,,,,
丹波元簡,CR_JIYI_0352,,,,
丹波元簡,CR_JIYI_0268,,,,
丹波元簡,CR_JIYI_0292,,,,
丹波元簡,CR_JIYI_0368,,,,
丹波元簡,CR_JIYI_0303,,,,
丹波元簡,CR_JIYI_0006,,,,
丹波元簡,CR_JIYI_0137,,,,
丹波元簡,CR_JIYI_0286,,,,
丹波元簡,CR_JIYI_0204,,,,
丹波元簡,CR_JIYI_0112,,,,
丹波元簡,CR_JIYI_0253,,,,
丹波元簡,CR_JIYI_0060,,,,
丹波元簡,CR_JIYI_0334,,,,
丹波元簡,CR_JIYI_0195,,,,
丹波元簡,CR_JIYI_0124,,,,
丹波元簡,CR_JIYI_0119,,,,
丹波元簡,CR_JIYI_0141,,,,
丹波元簡,CR_JIYI_0173,,,,
丹波元簡,CR_JIYI_0313,,,,
丹波元簡,CR_JIYI_0343,,,,
丹波元簡,CR_JIYI_0260,,,,
丹波元簡,CR_JIYI_0183,,,,
丹波元簡,CR_JIYI_0285,,,,
丹波元簡,CR_JIYI_0063,,,,
丹波元簡,CR_JIYI_0190,,,,
丹波元簡,CR_JIYI_0075,,,,
丹波元簡,CR_JIYI_0269,,,,
丹波元簡,CR_JIYI_0094,,,,
丹波元簡,CR_JIYI_0172,,,,
丹波元簡,CR_JIYI_0048,,,,
丹波元簡,CR_JIYI_0263,,,,
丹波元簡,CR_JIYI_0073,,,,
丹波元簡,CR_JIYI_0319,,,,
丹波元簡,CR_JIYI_0016,,,,
丹波元簡,CR_JIYI_0237,,,,
丹波元簡,CR_JIYI_0326,,,,
丹波元簡,CR_JIYI_0288,,,,
丹波元簡,CR_JIYI_0095,,,,
丹波元簡,CR_JIYI_0266,,,,
丹波元簡,CR_JIYI_0084,,,,
丹波元簡,CR_JIYI_0271,,,,
丹波元簡,CR_JIYI_0133,,,,
丹波元簡,CR_JIYI_0341,,,,
丹波元簡,CR_JIYI_0005,,,,
丹波元簡,CR_JIYI_0071,,,,
丹波元簡,CR_JIYI_0165,,,,
丹波元簡,CR_JIYI_0365,,,,
丹波元簡,CR_JIYI_0090,,,,
丹波元簡,CR_JIYI_0211,,,,
尤怡,CR_GUANZHU_0270,,,,
尤怡,CR_GUANZHU_0128,,,,
尤怡,CR_GUANZHU_0243,,,,
尤怡,CR_GUANZHU_0328,,,,
尤怡,CR_GUANZHU_0110,,,,
尤怡,CR_GUANZHU_0026,,,,
尤怡,CR_GUANZHU_0314,,,,
尤怡,CR_GUANZHU_0245,,,,
尤怡,CR_GUANZHU_0126,,,,
尤怡,CR_GUANZHU_0284,,,,
尤怡,CR_GUANZHU_0238,,,,
尤怡,CR_GUANZHU_0246,,,,
尤怡,CR_GUANZHU_0272,,,,
尤怡,CR_GUANZHU_0035,,,,
尤怡,CR_GUANZHU_0234,,,,
尤怡,CR_GUANZHU_0124,,,,
尤怡,CR_GUANZHU_0185,,,,
尤怡,CR_GUANZHU_0183,,,,
尤怡,CR_GUANZHU_0092,,,,
尤怡,CR_GUANZHU_0249,,,,
尤怡,CR_GUANZHU_0196,,,,
尤怡,CR_GUANZHU_0258,,,,
尤怡,CR_GUANZHU_0102,,,,
尤怡,CR_GUANZHU_0242,,,,
尤怡,CR_GUANZHU_0221,,,,
尤怡,CR_GUANZHU_0309,,,,
尤怡,CR_GUANZHU_0193,,,,
尤怡,CR_GUANZHU_0144,,,,
尤怡,CR_GUANZHU_0147,,,,
尤怡,CR_GUANZHU_0162,,,,
尤怡,CR_GUANZHU_0045,,,,
尤怡,CR_GUANZHU_0308,,,,
尤怡,CR_GUANZHU_0051,,,,
尤怡,CR_GUANZHU_0325,,,,
尤怡,CR_GUANZHU_0076,,,,
尤怡,CR_GUANZHU_0020,,,,
尤怡,CR_GUANZHU_0037,,,,
尤怡,CR_GUANZHU_0134,,,,
尤怡,CR_GUANZHU_0174,,,,
尤怡,CR_GUANZHU_0190,,,,
尤怡,CR_GUANZHU_0064,,,,
尤怡,CR_GUANZHU_0125,,,,
尤怡,CR_GUANZHU_0306,,,,
尤怡,CR_GUANZHU_0086,,,,
尤怡,CR_GUANZHU_0055,,,,
尤怡,CR_GUANZHU_0261,,,,
尤怡,CR_GUANZHU_0317,,,,
尤怡,CR_GUANZHU_0226,,,,
尤怡,CR_GUANZHU_0146,,,,
張卿子,CR_ZHANGQINGZI_0074,,,,
張卿子,CR_ZHANGQINGZI_0077,,,,
張卿子,CR_ZHANGQINGZI_0297,,,,
張卿子,CR_ZHANGQINGZI_0019,,,,
張卿子,CR_ZHANGQINGZI_0282,,,,
張卿子,CR_ZHANGQINGZI_0161,,,,
張卿子,CR_ZHANGQINGZI_0276,,,,
張卿子,CR_ZHANGQINGZI_0070,,,,
張卿子,CR_ZHANGQINGZI_0142,,,,
張卿子,CR_ZHANGQINGZI_0305,,,,
張卿子,CR_ZHANGQINGZI_0333,,,,
張卿子,CR_ZHANGQINGZI_0236,,,,
張卿子,CR_ZHANGQINGZI_0003,,,,
張卿子,CR_ZHANGQINGZI_0352,,,,
張卿子,CR_ZHANGQINGZI_0168,,,,
張卿子,CR_ZHANGQINGZI_0244,,,,
張卿子,CR_ZHANGQINGZI_0076,,,,
張卿子,CR_ZHANGQINGZI_0053,,,,
張卿子,CR_ZHANGQINGZI_0078,,,,
張卿子,CR_ZHANGQINGZI_0197,,,,
張卿子,CR_ZHANGQINGZI_0251,,,,
張卿子,CR_ZHANGQINGZI_0245,,,,
張卿子,CR_ZHANGQINGZI_0084,,,,
張卿子,CR_ZHANGQINGZI_0071,,,,
張卿子,CR_ZHANGQINGZI_0155,,,,
張卿子,CR_ZHANGQINGZI_0329,,,,
張卿子,CR_ZHANGQINGZI_0316,,,,
張卿子,CR_ZHANGQINGZI_0238,,,,
張卿子,CR_ZHANGQINGZI_0113,,,,
張卿子,CR_ZHANGQINGZI_0129,,,,
張卿子,CR_ZHANGQINGZI_0183,,,,
張卿子,CR_ZHANGQINGZI_0339,,,,
張卿子,CR_ZHANGQINGZI_0075,,,,
張卿子,CR_ZHANGQINGZI_0128,,,,
張卿子,CR_ZHANGQINGZI_0292,,,,
張卿子,CR_ZHANGQINGZI_0355,,,,
張卿子,CR_ZHANGQINGZI_0257,,,,
張卿子,CR_ZHANGQINGZI_0295,,,,
張卿子,CR_ZHANGQINGZI_0107,,,,
張卿子,CR_ZHANGQINGZI_0006,,,,
張卿子,CR_ZHANGQINGZI_0351,,,,
張卿子,CR_ZHANGQINGZI_0031,,,,
張卿子,CR_ZHANGQINGZI_0331,,,,
張卿子,CR_ZHANGQINGZI_0280,,,,
張卿子,CR_ZHANGQINGZI_0207,,,,
張卿子,CR_ZHANGQINGZI_0228,,,,
張卿子,CR_ZHANGQINGZI_0353,,,,
張卿子,CR_ZHANGQINGZI_0043,,,,
張卿子,CR_ZHANGQINGZI_0166,,,,
張卿子,CR_ZHANGQINGZI_0273,,,,
張卿子,CR_ZHANGQINGZI_0283,,,,
張卿子,CR_ZHANGQINGZI_0350,,,,
張卿子,CR_ZHANGQINGZI_0241,,,,
張卿子,CR_ZHANGQINGZI_0242,,,,
張卿子,CR_ZHANGQINGZI_0109,,,,
成無己,CR_ZHUJIE_0320,,,,
成無己,CR_ZHUJIE_0205,,,,
成無己,CR_ZHUJIE_0109,,,,
成無己,CR_ZHUJIE_0285,,,,
成無己,CR_ZHUJIE_0065,,,,
成無己,CR_ZHUJIE_0252,,,,
成無己,CR_ZHUJIE_0006,,,,
成無己,CR_ZHUJIE_0199,,,,
成無己,CR_ZHUJIE_0106,,,,
成無己,CR_ZHUJIE_0356,,,,
成無己,CR_ZHUJIE_0297,,,,
成無己,CR_ZHUJIE_0076,,,,
成無己,CR_ZHUJIE_0068,,,,
成無己,CR_ZHUJIE_0242,,,,
成無己,CR_ZHUJIE_0324,,,,
成無己,CR_ZHUJIE_0054,,,,
成無己,CR_ZHUJIE_0046,,,,
成無己,CR_ZHUJIE_0100,,,,
成無己,CR_ZHUJIE_0085,,,,
成無己,CR_ZHUJIE_0033,,,,
成無己,CR_ZHUJIE_0128,,,,
成無己,CR_ZHUJIE_0323,,,,
成無己,CR_ZHUJIE_0174,,,,
成無己,CR_ZHUJIE_0243,,,,
成無己,CR_ZHUJIE_0363,,,,
成無己,CR_ZHUJIE_0036,,,,
成無己,CR_ZHUJIE_0348,,,,
成無己,CR_ZHUJIE_0288,,,,
成無己,CR_ZHUJIE_0148,,,,
成無己,CR_ZHUJIE_0351,,,,
成無己,CR_ZHUJIE_0069,,,,
成無己,CR_ZHUJIE_0216,,,,
成無己,CR_ZHUJIE_0232,,,,
成無己,CR_ZHUJIE_0369,,,,
成無己,CR_ZHUJIE_0237,,,,
成無己,CR_ZHUJIE_0011,,,,
成無己,CR_ZHUJIE_0229,,,,
成無己,CR_ZHUJIE_0027,,,,
成無己,CR_ZHUJIE_0136,,,,
成無己,CR_ZHUJIE_0178,,,,
成無己,CR_ZHUJIE_0140,,,,
成無己,CR_ZHUJIE_0221,,,,
成無己,CR_ZHUJIE_0114,,,,
成無己,CR_ZHUJIE_0246,,,,
成無己,CR_ZHUJIE_0359,,,,
成無己,CR_ZHUJIE_0255,,,,
成無己,CR_ZHUJIE_0021,,,,
成無己,CR_ZHUJIE_0250,,,,
成無己,CR_ZHUJIE_0059,,,,
成無己,CR_ZHUJIE_0165,,,,
成無己,CR_ZHUJIE_0295,,,,
成無己,CR_ZHUJIE_0013,,,,
成無己,CR_ZHUJIE_0349,,,,
成無己,CR_ZHUJIE_0239,,,,
成無己,CR_ZHUJIE_0335,,,,
成無己,CR_ZHUJIE_0089,,,,
方有執,CR_TIAOBIAN_0001,,,,
方有執,CR_TIAOBIAN_0340,,,,
方有執,CR_TIAOBIAN_0252,,,,
方有執,CR_TIAOBIAN_0125,,,,
方有執,CR_TIAOBIAN_0194,,,,
方有執,CR_TIAOBIAN_0193,,,,
方有執,CR_TIAOBIAN_0255,,,,
方有執,CR_TIAOBIAN_0005,,,,
方有執,CR_TIAOBIAN_0319,,,,
方有執,CR_TIAOBIAN_0199,,,,
方有執,CR_TIAOBIAN_0058,,,,
方有執,CR_TIAOBIAN_0266,,,,
方有執,CR_TIAOBIAN_0129,,,,
方有執,CR_TIAOBIAN_0282,,,,
方有執,CR_TIAOBIAN_0261,,,,
方有執,CR_TIAOBIAN_0370,,,,
方有執,CR_TIAOBIAN_0302,,,,
方有執,CR_TIAOBIAN_0200,,,,
方有執,CR_TIAOBIAN_0289,,,,
方有執,CR_TIAOBIAN_0362,,,,
方有執,CR_TIAOBIAN_0037,,,,
方有執,CR_TIAOBIAN_0363,,,,
方有執,CR_TIAOBIAN_0316,,,,
方有執,CR_TIAOBIAN_0056,,,,
方有執,CR_TIAOBIAN_0234,,,,
方有執,CR_TIAOBIAN_0147,,,,
方有執,CR_TIAOBIAN_0148,,,,
方有執,CR_TIAOBIAN_0023,,,,
方有執,CR_TIAOBIAN_0123,,,,
方有執,CR_TIAOBIAN_0229,,,,
方有執,CR_TIAOBIAN_0258,,,,
方有執,CR_TIAOBIAN_0209,,,,
方有執,CR_TIAOBIAN_0331,,,,
方有執,CR_TIAOBIAN_0285,,,,
方有執,CR_TIAOBIAN_0081,,,,
方有執,CR_TIAOBIAN_0036,,,,
方有執,CR_TIAOBIAN_0091,,,,
方有執,CR_TIAOBIAN_0231,,,,
方有執,CR_TIAOBIAN_0203,,,,
方有執,CR_TIAOBIAN_0175,,,,
方有執,CR_TIAOBIAN_0259,,,,
方有執,CR_TIAOBIAN_0312,,,,
方有執,CR_TIAOBIAN_0277,,,,
方有執,CR_TIAOBIAN_0161,,,,
方有執,CR_TIAOBIAN_0155,,,,
方有執,CR_TIAOBIAN_0360,,,,
方有執,CR_TIAOBIAN_0174,,,,
方有執,CR_TIAOBIAN_0010,,,,
方有執,CR_TIAOBIAN_0024,,,,
方有執,CR_TIAOBIAN_0055,,,,
方有執,CR_TIAOBIAN_0139,,,,
方有執,CR_TIAOBIAN_0170,,,,
方有執,CR_TIAOBIAN_0069,,,,
方有執,CR_TIAOBIAN_0315,,,,
方有執,CR_TIAOBIAN_0278,,,,
方有執,CR_TIAOBIAN_0066,,,,
柯琴,CR_LAISU_0019,,,,
柯琴,CR_LUNZHU_0353,,,,
柯琴,CR_LAISU_0131,,,,
柯琴,CR_LUNZHU_0303,,,,
柯琴,CR_LUNZHU_0026,,,,
柯琴,CR_LUNZHU_0246,,,,
柯琴,CR_LAISU_0079,,,,
柯琴,CR_LUNZHU_0148,,,,
柯琴,CR_LAISU_0286,,,,
柯琴,CR_LUNZHU_0345,,,,
柯琴,CR_LUNZHU_0159,,,,
柯琴,CR_LUNZHU_0335,,,,
柯琴,CR_LUNZHU_0094,,,,
柯琴,CR_LUNZHU_0227,,,,
柯琴,CR_LUNZHU_0263,,,,
柯琴,CR_LUNZHU_0126,,,,
柯琴,CR_LAISU_0254,,,,
柯琴,CR_LAISU_0109,,,,
柯琴,CR_LUNZHU_0158,,,,
柯琴,CR_LUNZHU_0107,,,,
柯琴,CR_LUNZHU_0336,,,,
柯琴,CR_LUNZHU_0120,,,,
柯琴,CR_LAISU_0344,,,,
柯琴,CR_LAISU_0157,,,,
柯琴,CR_LAISU_0120,,,,
柯琴,CR_LAISU_0165,,,,
柯琴,CR_LAISU_0136,,,,
柯琴,CR_LAISU_0030,,,,
柯琴,CR_LUNZHU_0311,,,,
柯琴,CR_LUNZHU_0097,,,,
柯琴,CR_LAISU_0278,,,,
柯琴,CR_LAISU_0150,,,,
柯琴,CR_LUNZHU_0319,,,,
柯琴,CR_LAISU_0070,,,,
柯琴,CR_LUNZHU_0315,,,,
柯琴,CR_LUNZHU_0280,,,,
柯琴,CR_LAISU_0285,,,,
柯琴,CR_LUNZHU_0347,,,,
柯琴,CR_LAISU_0345,,,,
柯琴,CR_LAISU_0175,,,,
柯琴,CR_LUNZHU_0342,,,,
柯琴,CR_LUNZHU_0086,,,,
柯琴,CR_LAISU_0125,,,,
柯琴,CR_LAISU_0224,,,,
柯琴,CR_LAISU_0317,,,,
柯琴,CR_LAISU_0262,,,,
柯琴,CR_LAISU_0143,,,,
柯琴,CR_LUNZHU_0117,,,,
柯琴,CR_LUNZHU_0224,,,,
柯琴,CR_LUNZHU_0109,,,,
柯琴,CR_LAISU_0148,,,,
柯琴,CR_LUNZHU_0005,,,,
柯琴,CR_LUNZHU_0340,,,,
柯琴,CR_LUNZHU_0279,,,,
柯琴,CR_LAISU_0273,,,,
柯琴,CR_LUNZHU_0016,,,,
柯琴,CR_LAISU_0245,,,,
柯琴,CR_LUNZHU_0063,,,,
柯琴,CR_LUNZHU_0232,,,,
柯琴,CR_LUNZHU_0142,,,,
柯琴,CR_LUNZHU_0327,,,,
柯琴,CR_LUNZHU_0058,,,,
柯琴,CR_LUNZHU_0074,,,,
柯琴,CR_LAISU_0017,,,,
柯琴,CR_LAISU_0316,,,,
柯琴,CR_LUNZHU_0282,,,,
柯琴,CR_LAISU_0234,,,,
柯琴,CR_LUNZHU_0037,,,,
柯琴,CR_LAISU_0306,,,,
柯琴,CR_LAISU_0100,,,,
柯琴,CR_LUNZHU_0152,,,,
柯琴,CR_LAISU_0228,,,,
柯琴,CR_LUNZHU_0170,,,,
柯琴,CR_LAISU_0041,,,,
柯琴,CR_LAISU_0078,,,,
柯琴,CR_LAISU_0307,,,,
柯琴,CR_LUNZHU_0252,,,,
柯琴,CR_LAISU_0123,,,,
柯琴,CR_LAISU_0202,,,,
柯琴,CR_LUNZHU_0268,,,,
柯琴,CR_LUNZHU_0334,,,,
柯琴,CR_LUNZHU_0241,,,,
柯琴,CR_LUNZHU_0029,,,,
柯琴,CR_LUNZHU_0149,,,,
柯琴,CR_LUNZHU_0079,,,,
柯琴,CR_LUNZHU_0222,,,,
柯琴,CR_LUNZHU_0320,,,,
柯琴,CR_LUNZHU_0308,,,,
柯琴,CR_LAISU_0135,,,,
柯琴,CR_LAISU_0235,,,,
柯琴,CR_LUNZHU_0261,,,,
柯琴,CR_LUNZHU_0083,,,,
柯琴,CR_LAISU_0174,,,,
柯琴,CR_LUNZHU_0213,,,,
柯琴,CR_LUNZHU_0285,,,,
柯琴,CR_LAISU_0209,,,,
柯琴,CR_LAISU_0251,,,,
柯琴,CR_LAISU_0134,,,,
柯琴,CR_LAISU_0055,,,,
柯琴,CR_LUNZHU_0105,,,,
柯琴,CR_LUNZHU_0104,,,,
柯琴,CR_LAISU_0037,,,,
柯琴,CR_LUNZHU_0025,,,,
柯琴,CR_LUNZHU_0015,,,,
柯琴,CR_LAISU_0116,,,,
錢潢,CR_SUYUAN_0047,,,,
錢潢,CR_SUYUAN_0332,,,,
錢潢,CR_SUYUAN_0207,,,,
錢潢,CR_SUYUAN_0307,,,,
錢潢,CR_SUYUAN_0015,,,,
錢潢,CR_SUYUAN_0235,,,,
錢潢,CR_SUYUAN_0260,,,,
錢潢,CR_SUYUAN_0164,,,,
錢潢,CR_SUYUAN_0010,,,,
錢潢,CR_SUYUAN_0166,,,,
錢潢,CR_SUYUAN_0196,,,,
錢潢,CR_SUYUAN_0156,,,,
錢潢,CR_SUYUAN_0211,,,,
錢潢,CR_SUYUAN_0287,,,,
錢潢,CR_SUYUAN_0245,,,,
錢潢,CR_SUYUAN_0061,,,,
錢潢,CR_SUYUAN_0108,,,,
錢潢,CR_SUYUAN_0051,,,,
錢潢,CR_SUYUAN_0181,,,,
錢潢,CR_SUYUAN_0275,,,,
錢潢,CR_SUYUAN_0134,,,,
錢潢,CR_SUYUAN_0274,,,,
錢潢,CR_SUYUAN_0244,,,,
錢潢,CR_SUYUAN_0117,,,,
錢潢,CR_SUYUAN_0106,,,,
錢潢,CR_SUYUAN_0176,,,,
錢潢,CR_SUYUAN_0098,,,,
錢潢,CR_SUYUAN_0031,,,,
錢潢,CR_SUYUAN_0099,,,,
錢潢,CR_SUYUAN_0202,,,,
錢潢,CR_SUYUAN_0236,,,,
錢潢,CR_SUYUAN_0002,,,,
錢潢,CR_SUYUAN_0357,,,,
錢潢,CR_SUYUAN_0212,,,,
錢潢,CR_SUYUAN_0219,,,,
錢潢,CR_SUYUAN_0361,,,,
錢潢,CR_SUYUAN_0092,,,,
錢潢,CR_SUYUAN_0096,,,,
錢潢,CR_SUYUAN_0044,,,,
錢潢,CR_SUYUAN_0185,,,,
錢潢,CR_SUYUAN_0263,,,,
錢潢,CR_SUYUAN_0373,,,,
錢潢,CR_SUYUAN_0107,,,,
錢潢,CR_SUYUAN_0065,,,,
錢潢,CR_SUYUAN_0355,,,,
錢潢,CR_SUYUAN_0076,,,,
錢潢,CR_SUYUAN_0121,,,,
錢潢,CR_SUYUAN_0173,,,,
錢潢,CR_SUYUAN_0343,,,,
錢潢,CR_SUYUAN_0174,,,,
錢潢,CR_SUYUAN_0389,,,,
錢潢,CR_SUYUAN_0154,,,,
錢潢,CR_SUYUAN_0301,,,,
錢潢,CR_SUYUAN_0125,,,,
錢潢,CR_SUYUAN_0009,,,,
錢潢,CR_SUYUAN_0143,,,,
錢潢,CR_SUYUAN_0288,,,,
錢潢,CR_SUYUAN_0351,,,,
黃元御,CR_XUANJIE_0004,,,,
黃元御,CR_XUANJIE_0039,,,,
黃元御,CR_XUANJIE_0036,,,,
黃元御,CR_XUANJIE_0029,,,,
黃元御,CR_XUANJIE_0046,,,,
黃元御,CR_XUANJIE_0006,,,,
黃元御,CR_XUANJIE_0037,,,,
