source_id,title_zh,source_repository,source_url,upstream_collection,upstream_path,upstream_provenance_record,acquisition_note,n_files,characters,work_sha256,licence_status,licence_note
SHSRC0001,傷寒兼證析義,"中醫典籍資料庫 (Database of Chinese Medical Classics), jicheng.tw",https://jicheng.tw/tcm/index.html,jingui,data/corpus_raw/jingui/書籍/傷寒兼證析義,"data/shanghan/manifest/corpus_manifest.json (per-file sha256, 1 entries); data/corpus_raw/jingui/manifest_*.csv; data/corpus_raw/jingui/書籍/傷寒兼證析義/index.txt <book> block",retrieved from the source repository and organised in the upstream bundle; per-file SHA-256 recorded in this release,1,70608,1d48baf994259ac56ed49c7e0bef561dedd2ed01058e9e8a7f2cb35d0218e700,not_stated_in_source,upstream terms of use are not stated in the source bundle; structured layers in this release are distributed under CC BY 4.0 by the dataset authors
SHSRC0002,中寒論辯證廣注,"中醫典籍資料庫 (Database of Chinese Medical Classics), jicheng.tw",https://jicheng.tw/tcm/index.html,shanghan,data/corpus_raw/shanghan/書籍/中寒論辯證廣注,"data/shanghan/manifest/corpus_manifest.json (per-file sha256, 1 entries); data/corpus_raw/shanghan/manifest_*.csv; data/corpus_raw/shanghan/書籍/中寒論辯證廣注/index.txt <book> block",retrieved from the source repository and organised in the upstream bundle; per-file SHA-256 recorded in this release,1,54967,dbfd48b5f44f0f98f2065bced1628a831557e35d9f0e2dccb6e2018e16d36aa4,not_stated_in_source,upstream terms of use are not stated in the source bundle; structured layers in this release are distributed under CC BY 4.0 by the dataset authors
SHSRC0003,仲景傷寒補亡論,"中醫典籍資料庫 (Database of Chinese Medical Classics), jicheng.tw",https://jicheng.tw/tcm/index.html,shanghan,data/corpus_raw/shanghan/書籍/仲景傷寒補亡論,"data/shanghan/manifest/corpus_manifest.json (per-file sha256, 27 entries); data/corpus_raw/shanghan/manifest_*.csv; data/corpus_raw/shanghan/書籍/仲景傷寒補亡論/index.txt <book> block",retrieved from the source repository and organised in the upstream bundle; per-file SHA-256 recorded in this release,27,132202,5e5f546fedf86f443bfe2eb719d5b12439a02f31b18ef8544fe178cd999ace90,not_stated_in_source,upstream terms of use are not stated in the source bundle; structured layers in this release are distributed under CC BY 4.0 by the dataset authors
SHSRC0004,傷寒九十論,"中醫典籍資料庫 (Database of Chinese Medical Classics), jicheng.tw",https://jicheng.tw/tcm/index.html,shanghan,data/corpus_raw/shanghan/書籍/傷寒九十論,"data/shanghan/manifest/corpus_manifest.json (per-file sha256, 1 entries); data/corpus_raw/shanghan/manifest_*.csv; data/corpus_raw/shanghan/書籍/傷寒九十論/index.txt <book> block",retrieved from the source repository and organised in the upstream bundle; per-file SHA-256 recorded in this release,1,25380,cb0972055b2e814fcefc345088a0b6fa0e07041ae06cfdefc6c751e55c9c7f0b,not_stated_in_source,upstream terms of use are not stated in the source bundle; structured layers in this release are distributed under CC BY 4.0 by the dataset authors
SHSRC0005,傷寒來蘇集,"中醫典籍資料庫 (Database of Chinese Medical Classics), jicheng.tw",https://jicheng.tw/tcm/index.html,shanghan,data/corpus_raw/shanghan/書籍/傷寒來蘇集,"data/shanghan/manifest/corpus_manifest.json (per-file sha256, 6 entries); data/corpus_raw/shanghan/manifest_*.csv; data/corpus_raw/shanghan/書籍/傷寒來蘇集/index.txt <book> block",retrieved from the source repository and organised in the upstream bundle; per-file SHA-256 recorded in this release,6,109109,1f09559ee39c4c6d4d4544be51146cbdab6a2b1c81a82b1dc26600c5ce43bf3c,not_stated_in_source,upstream terms of use are not stated in the source bundle; structured layers in this release are distributed under CC BY 4.0 by the dataset authors
SHSRC0006,傷寒六書,"中醫典籍資料庫 (Database of Chinese Medical Classics), jicheng.tw",https://jicheng.tw/tcm/index.html,shanghan,data/corpus_raw/shanghan/書籍/傷寒六書,"data/shanghan/manifest/corpus_manifest.json (per-file sha256, 11 entries); data/corpus_raw/shanghan/manifest_*.csv; data/corpus_raw/shanghan/書籍/傷寒六書/index.txt <book> block",retrieved from the source repository and organised in the upstream bundle; per-file SHA-256 recorded in this release,11,102775,d524589465b879f816b6da7e547414cc920f3eba42909ed07456d239456ee98f,not_stated_in_source,upstream terms of use are not stated in the source bundle; structured layers in this release are distributed under CC BY 4.0 by the dataset authors
SHSRC0007,傷寒大白,"中醫典籍資料庫 (Database of Chinese Medical Classics), jicheng.tw",https://jicheng.tw/tcm/index.html,shanghan,data/corpus_raw/shanghan/書籍/傷寒大白,"data/shanghan/manifest/corpus_manifest.json (per-file sha256, 8 entries); data/corpus_raw/shanghan/manifest_*.csv; data/corpus_raw/shanghan/書籍/傷寒大白/index.txt <book> block",retrieved from the source repository and organised in the upstream bundle; per-file SHA-256 recorded in this release,8,123908,90466fcf1db98f47c69c6ca3b0ad97cdd7316c8cd063e840352fd753130fd78e,not_stated_in_source,upstream terms of use are not stated in the source bundle; structured layers in this release are distributed under CC BY 4.0 by the dataset authors
SHSRC0008,傷寒審證表,"中醫典籍資料庫 (Database of Chinese Medical Classics), jicheng.tw",https://jicheng.tw/tcm/index.html,shanghan,data/corpus_raw/shanghan/書籍/傷寒審證表,"data/shanghan/manifest/corpus_manifest.json (per-file sha256, 1 entries); data/corpus_raw/shanghan/manifest_*.csv; data/corpus_raw/shanghan/書籍/傷寒審證表/index.txt <book> block",retrieved from the source repository and organised in the upstream bundle; per-file SHA-256 recorded in this release,1,20060,7788e5e926479562865c38d0caeeea4cf2e7c1a2c39f17dfdff62c9ab7ea855f,not_stated_in_source,upstream terms of use are not stated in the source bundle; structured layers in this release are distributed under CC BY 4.0 by the dataset authors
SHSRC0009,傷寒尋源,"中醫典籍資料庫 (Database of Chinese Medical Classics), jicheng.tw",https://jicheng.tw/tcm/index.html,shanghan,data/corpus_raw/shanghan/書籍/傷寒尋源,"data/shanghan/manifest/corpus_manifest.json (per-file sha256, 1 entries); data/corpus_raw/shanghan/manifest_*.csv; data/corpus_raw/shanghan/書籍/傷寒尋源/index.txt <book> block",retrieved from the source repository and organised in the upstream bundle; per-file SHA-256 recorded in this release,1,84466,a29e4a2c910e3b2e08a0f4b58842acb9dfe0427af3e05990dc5aa75cbdc1e3f6,not_stated_in_source,upstream terms of use are not stated in the source bundle; structured layers in this release are distributed under CC BY 4.0 by the dataset authors
SHSRC0010,傷寒心要,"中醫典籍資料庫 (Database of Chinese Medical Classics), jicheng.tw",https://jicheng.tw/tcm/index.html,shanghan,data/corpus_raw/shanghan/書籍/傷寒心要_1,"data/shanghan/manifest/corpus_manifest.json (per-file sha256, 1 entries); data/corpus_raw/shanghan/manifest_*.csv; data/corpus_raw/shanghan/書籍/傷寒心要_1/index.txt <book> block",retrieved from the source repository and organised in the upstream bundle; per-file SHA-256 recorded in this release,1,4777,7b45c9a06dd851995ebf31a592ef009534ff4ab9ab4d830dcc7a9f162558a70a,not_stated_in_source,upstream terms of use are not stated in the source bundle; structured layers in this release are distributed under CC BY 4.0 by the dataset authors
SHSRC0011,傷寒心鏡別集,"中醫典籍資料庫 (Database of Chinese Medical Classics), jicheng.tw",https://jicheng.tw/tcm/index.html,shanghan,data/corpus_raw/shanghan/書籍/傷寒心鏡別集,"data/shanghan/manifest/corpus_manifest.json (per-file sha256, 1 entries); data/corpus_raw/shanghan/manifest_*.csv; data/corpus_raw/shanghan/書籍/傷寒心鏡別集/index.txt <book> block",retrieved from the source repository and organised in the upstream bundle; per-file SHA-256 recorded in this release,1,1401,59be226945d10024737a2630030465b05ad323b1ee0de2874431ecea327f372b,not_stated_in_source,upstream terms of use are not stated in the source bundle; structured layers in this release are distributed under CC BY 4.0 by the dataset authors
SHSRC0012,傷寒恆論,"中醫典籍資料庫 (Database of Chinese Medical Classics), jicheng.tw",https://jicheng.tw/tcm/index.html,shanghan,data/corpus_raw/shanghan/書籍/傷寒恆論,"data/shanghan/manifest/corpus_manifest.json (per-file sha256, 21 entries); data/corpus_raw/shanghan/manifest_*.csv; data/corpus_raw/shanghan/書籍/傷寒恆論/index.txt <book> block",retrieved from the source repository and organised in the upstream bundle; per-file SHA-256 recorded in this release,21,170524,4a506a3815d38e674c65e43e755e5af32397d981e96a88d023308a1baa59366c,not_stated_in_source,upstream terms of use are not stated in the source bundle; structured layers in this release are distributed under CC BY 4.0 by the dataset authors
SHSRC0013,傷寒懸解,"中醫典籍資料庫 (Database of Chinese Medical Classics), jicheng.tw",https://jicheng.tw/tcm/index.html,shanghan,data/corpus_raw/shanghan/書籍/傷寒懸解,"data/shanghan/manifest/corpus_manifest.json (per-file sha256, 1 entries); data/corpus_raw/shanghan/manifest_*.csv; data/corpus_raw/shanghan/書籍/傷寒懸解/index.txt <book> block",retrieved from the source repository and organised in the upstream bundle; per-file SHA-256 recorded in this release,1,78214,8604e42ad0108e902bba07ec7bef187586e4fe3c3b42f1e1b9b6b47792e94b2f,not_stated_in_source,upstream terms of use are not stated in the source bundle; structured layers in this release are distributed under CC BY 4.0 by the dataset authors
SHSRC0014,傷寒括要,"中醫典籍資料庫 (Database of Chinese Medical Classics), jicheng.tw",https://jicheng.tw/tcm/index.html,shanghan,data/corpus_raw/shanghan/書籍/傷寒括要,"data/shanghan/manifest/corpus_manifest.json (per-file sha256, 1 entries); data/corpus_raw/shanghan/manifest_*.csv; data/corpus_raw/shanghan/書籍/傷寒括要/index.txt <book> block",retrieved from the source repository and organised in the upstream bundle; per-file SHA-256 recorded in this release,1,63959,6f8766484cc02c99cec7aebc2fa764028f8420d34997c9936d0568f54438be37,not_stated_in_source,upstream terms of use are not stated in the source bundle; structured layers in this release are distributed under CC BY 4.0 by the dataset authors
SHSRC0015,傷寒指掌,"中醫典籍資料庫 (Database of Chinese Medical Classics), jicheng.tw",https://jicheng.tw/tcm/index.html,shanghan,data/corpus_raw/shanghan/書籍/傷寒指掌,"data/shanghan/manifest/corpus_manifest.json (per-file sha256, 8 entries); data/corpus_raw/shanghan/manifest_*.csv; data/corpus_raw/shanghan/書籍/傷寒指掌/index.txt <book> block",retrieved from the source repository and organised in the upstream bundle; per-file SHA-256 recorded in this release,8,127164,88a14d4b8aafebb7e6a3978b514dbde614d1b75f8701afce9a6b34b2eef97b11,not_stated_in_source,upstream terms of use are not stated in the source bundle; structured layers in this release are distributed under CC BY 4.0 by the dataset authors
SHSRC0016,傷寒捷訣,"中醫典籍資料庫 (Database of Chinese Medical Classics), jicheng.tw",https://jicheng.tw/tcm/index.html,shanghan,data/corpus_raw/shanghan/書籍/傷寒捷訣,"data/shanghan/manifest/corpus_manifest.json (per-file sha256, 1 entries); data/corpus_raw/shanghan/manifest_*.csv; data/corpus_raw/shanghan/書籍/傷寒捷訣/index.txt <book> block",retrieved from the source repository and organised in the upstream bundle; per-file SHA-256 recorded in this release,1,21308,91b0889ca707d824807f50019ea9398687865368e81876afbbe269176bbcb2ea,not_stated_in_source,upstream terms of use are not stated in the source bundle; structured layers in this release are distributed under CC BY 4.0 by the dataset authors
SHSRC0017,傷寒明理論,"中醫典籍資料庫 (Database of Chinese Medical Classics), jicheng.tw",https://jicheng.tw/tcm/index.html,shanghan,data/corpus_raw/shanghan/書籍/傷寒明理論,"data/shanghan/manifest/corpus_manifest.json (per-file sha256, 1 entries); data/corpus_raw/shanghan/manifest_*.csv; data/corpus_raw/shanghan/書籍/傷寒明理論/index.txt <book> block",retrieved from the source repository and organised in the upstream bundle; per-file SHA-256 recorded in this release,1,41405,edbbed13a873194d2af0a550fe5fb655b5379c6737ad78c6790ec880212dd28f,not_stated_in_source,upstream terms of use are not stated in the source bundle; structured layers in this release are distributed under CC BY 4.0 by the dataset authors
SHSRC0018,傷寒明理論,"中醫典籍資料庫 (Database of Chinese Medical Classics), jicheng.tw",https://jicheng.tw/tcm/index.html,shanghan,data/corpus_raw/shanghan/書籍/傷寒明理論_1,"data/shanghan/manifest/corpus_manifest.json (per-file sha256, 1 entries); data/corpus_raw/shanghan/manifest_*.csv; data/corpus_raw/shanghan/書籍/傷寒明理論_1/index.txt <book> block",retrieved from the source repository and organised in the upstream bundle; per-file SHA-256 recorded in this release,1,41586,4a5bc2f2f23df425a164f6ea4c696848961cdcd6db209120ab918ad1a3739d5d,not_stated_in_source,upstream terms of use are not stated in the source bundle; structured layers in this release are distributed under CC BY 4.0 by the dataset authors
SHSRC0019,傷寒標本心法類萃,"中醫典籍資料庫 (Database of Chinese Medical Classics), jicheng.tw",https://jicheng.tw/tcm/index.html,shanghan,data/corpus_raw/shanghan/書籍/傷寒標本心法類萃,"data/shanghan/manifest/corpus_manifest.json (per-file sha256, 1 entries); data/corpus_raw/shanghan/manifest_*.csv; data/corpus_raw/shanghan/書籍/傷寒標本心法類萃/index.txt <book> block",retrieved from the source repository and organised in the upstream bundle; per-file SHA-256 recorded in this release,1,16317,6ac963daf2f94a7af0eec129ac4c596a9ac676037fb27421f585f2a6c2bdfdd6,not_stated_in_source,upstream terms of use are not stated in the source bundle; structured layers in this release are distributed under CC BY 4.0 by the dataset authors
SHSRC0020,傷寒標本心法類萃,"中醫典籍資料庫 (Database of Chinese Medical Classics), jicheng.tw",https://jicheng.tw/tcm/index.html,shanghan,data/corpus_raw/shanghan/書籍/傷寒標本心法類萃_1,"data/shanghan/manifest/corpus_manifest.json (per-file sha256, 1 entries); data/corpus_raw/shanghan/manifest_*.csv; data/corpus_raw/shanghan/書籍/傷寒標本心法類萃_1/index.txt <book> block",retrieved from the source repository and organised in the upstream bundle; per-file SHA-256 recorded in this release,1,14562,8933db5b9bb7ed0edebe9a94436b371ab88456c91e22d526250e30700ff63f67,not_stated_in_source,upstream terms of use are not stated in the source bundle; structured layers in this release are distributed under CC BY 4.0 by the dataset authors
SHSRC0021,傷寒法祖,"中醫典籍資料庫 (Database of Chinese Medical Classics), jicheng.tw",https://jicheng.tw/tcm/index.html,shanghan,data/corpus_raw/shanghan/書籍/傷寒法祖,"data/shanghan/manifest/corpus_manifest.json (per-file sha256, 1 entries); data/corpus_raw/shanghan/manifest_*.csv; data/corpus_raw/shanghan/書籍/傷寒法祖/index.txt <book> block",retrieved from the source repository and organised in the upstream bundle; per-file SHA-256 recorded in this release,1,41355,9be983be4fc3b11c74165d89bac5876e5d761b810dfd0c72c64a43d2f29b3a26,not_stated_in_source,upstream terms of use are not stated in the source bundle; structured layers in this release are distributed under CC BY 4.0 by the dataset authors
SHSRC0022,傷寒溯源集,"中醫典籍資料庫 (Database of Chinese Medical Classics), jicheng.tw",https://jicheng.tw/tcm/index.html,shanghan,data/corpus_raw/shanghan/書籍/傷寒溯源集,"data/shanghan/manifest/corpus_manifest.json (per-file sha256, 16 entries); data/corpus_raw/shanghan/manifest_*.csv; data/corpus_raw/shanghan/書籍/傷寒溯源集/index.txt <book> block",retrieved from the source repository and organised in the upstream bundle; per-file SHA-256 recorded in this release,16,255457,20f4c8eed50f6e63d6269db79a9b5b428a1eb79972920c0027cf0874045fd4dc,not_stated_in_source,upstream terms of use are not stated in the source bundle; structured layers in this release are distributed under CC BY 4.0 by the dataset authors
SHSRC0023,傷寒發微論,"中醫典籍資料庫 (Database of Chinese Medical Classics), jicheng.tw",https://jicheng.tw/tcm/index.html,shanghan,data/corpus_raw/shanghan/書籍/傷寒發微論,"data/shanghan/manifest/corpus_manifest.json (per-file sha256, 1 entries); data/corpus_raw/shanghan/manifest_*.csv; data/corpus_raw/shanghan/書籍/傷寒發微論/index.txt <book> block",retrieved from the source repository and organised in the upstream bundle; per-file SHA-256 recorded in this release,1,9842,93d7db3974ad82915a8a12c99597ade95665c0c096aa5fe138e5f675125c3d2a,not_stated_in_source,upstream terms of use are not stated in the source bundle; structured layers in this release are distributed under CC BY 4.0 by the dataset authors
SHSRC0024,傷寒百證歌,"中醫典籍資料庫 (Database of Chinese Medical Classics), jicheng.tw",https://jicheng.tw/tcm/index.html,shanghan,data/corpus_raw/shanghan/書籍/傷寒百證歌,"data/shanghan/manifest/corpus_manifest.json (per-file sha256, 1 entries); data/corpus_raw/shanghan/manifest_*.csv; data/corpus_raw/shanghan/書籍/傷寒百證歌/index.txt <book> block",retrieved from the source repository and organised in the upstream bundle; per-file SHA-256 recorded in this release,1,37178,7ea4c108cfda9cf09bc7f8f7f7381b3c3bca168c0bf0792a71a95e49e75cc6ce,not_stated_in_source,upstream terms of use are not stated in the source bundle; structured layers in this release are distributed under CC BY 4.0 by the dataset authors
SHSRC0025,傷寒直格,"中醫典籍資料庫 (Database of Chinese Medical Classics), jicheng.tw",https://jicheng.tw/tcm/index.html,shanghan,data/corpus_raw/shanghan/書籍/傷寒直格,"data/shanghan/manifest/corpus_manifest.json (per-file sha256, 1 entries); data/corpus_raw/shanghan/manifest_*.csv; data/corpus_raw/shanghan/書籍/傷寒直格/index.txt <book> block",retrieved from the source repository and organised in the upstream bundle; per-file SHA-256 recorded in this release,1,38077,a9a7637122b574f04f7218f23dd89437dd52bcb42e28b7ad898266601ef512aa,not_stated_in_source,upstream terms of use are not stated in the source bundle; structured layers in this release are distributed under CC BY 4.0 by the dataset authors
SHSRC0026,傷寒直格,"中醫典籍資料庫 (Database of Chinese Medical Classics), jicheng.tw",https://jicheng.tw/tcm/index.html,shanghan,data/corpus_raw/shanghan/書籍/傷寒直格_1,"data/shanghan/manifest/corpus_manifest.json (per-file sha256, 1 entries); data/corpus_raw/shanghan/manifest_*.csv; data/corpus_raw/shanghan/書籍/傷寒直格_1/index.txt <book> block",retrieved from the source repository and organised in the upstream bundle; per-file SHA-256 recorded in this release,1,37234,ef05f1fd68123e5a7a7c35a490e35e0a9fcd97d65c5abd383bb38ad944ff48b5,not_stated_in_source,upstream terms of use are not stated in the source bundle; structured layers in this release are distributed under CC BY 4.0 by the dataset authors
SHSRC0027,傷寒總病論,"中醫典籍資料庫 (Database of Chinese Medical Classics), jicheng.tw",https://jicheng.tw/tcm/index.html,shanghan,data/corpus_raw/shanghan/書籍/傷寒總病論,"data/shanghan/manifest/corpus_manifest.json (per-file sha256, 1 entries); data/corpus_raw/shanghan/manifest_*.csv; data/corpus_raw/shanghan/書籍/傷寒總病論/index.txt <book> block",retrieved from the source repository and organised in the upstream bundle; per-file SHA-256 recorded in this release,1,72945,749e5cc5ae1ce9daff1f750b4fa31003e62eeffe9a98a6d543672f27c34d78b9,not_stated_in_source,upstream terms of use are not stated in the source bundle; structured layers in this release are distributed under CC BY 4.0 by the dataset authors
SHSRC0028,傷寒總病論,"中醫典籍資料庫 (Database of Chinese Medical Classics), jicheng.tw",https://jicheng.tw/tcm/index.html,shanghan,data/corpus_raw/shanghan/書籍/傷寒總病論_1,"data/shanghan/manifest/corpus_manifest.json (per-file sha256, 1 entries); data/corpus_raw/shanghan/manifest_*.csv; data/corpus_raw/shanghan/書籍/傷寒總病論_1/index.txt <book> block",retrieved from the source repository and organised in the upstream bundle; per-file SHA-256 recorded in this release,1,71664,05369553022742137efc7b5ca90207d07a87c22ca30244462c9c05d29396c6e0,not_stated_in_source,upstream terms of use are not stated in the source bundle; structured layers in this release are distributed under CC BY 4.0 by the dataset authors
SHSRC0029,傷寒纘論,"中醫典籍資料庫 (Database of Chinese Medical Classics), jicheng.tw",https://jicheng.tw/tcm/index.html,shanghan,data/corpus_raw/shanghan/書籍/傷寒纘論,"data/shanghan/manifest/corpus_manifest.json (per-file sha256, 6 entries); data/corpus_raw/shanghan/manifest_*.csv; data/corpus_raw/shanghan/書籍/傷寒纘論/index.txt <book> block",retrieved from the source repository and organised in the upstream bundle; per-file SHA-256 recorded in this release,6,106736,8ff62efd7256304214f8d827defb3761608377100a7199454716e0b2f59085a1,not_stated_in_source,upstream terms of use are not stated in the source bundle; structured layers in this release are distributed under CC BY 4.0 by the dataset authors
SHSRC0030,傷寒纘論·傷寒緒論,"中醫典籍資料庫 (Database of Chinese Medical Classics), jicheng.tw",https://jicheng.tw/tcm/index.html,shanghan,data/corpus_raw/shanghan/書籍/傷寒纘論_傷寒緒論,"data/shanghan/manifest/corpus_manifest.json (per-file sha256, 11 entries); data/corpus_raw/shanghan/manifest_*.csv; data/corpus_raw/shanghan/書籍/傷寒纘論_傷寒緒論/index.txt <book> block",retrieved from the source repository and organised in the upstream bundle; per-file SHA-256 recorded in this release,11,240234,314010a7bed7b89d3cde019b3490eb53ae35bcd244e6196ee2c81020626c101c,not_stated_in_source,upstream terms of use are not stated in the source bundle; structured layers in this release are distributed under CC BY 4.0 by the dataset authors
SHSRC0031,傷寒舌鑑,"中醫典籍資料庫 (Database of Chinese Medical Classics), jicheng.tw",https://jicheng.tw/tcm/index.html,shanghan,data/corpus_raw/shanghan/書籍/傷寒舌鑑,"data/shanghan/manifest/corpus_manifest.json (per-file sha256, 1 entries); data/corpus_raw/shanghan/manifest_*.csv; data/corpus_raw/shanghan/書籍/傷寒舌鑑/index.txt <book> block",retrieved from the source repository and organised in the upstream bundle; per-file SHA-256 recorded in this release,1,11154,ec4f4e37ae3e3a2a461a4c0cf39de8194aa11bdc07dfeb176edcf389262c2ee6,not_stated_in_source,upstream terms of use are not stated in the source bundle; structured layers in this release are distributed under CC BY 4.0 by the dataset authors
SHSRC0032,傷寒補例,"中醫典籍資料庫 (Database of Chinese Medical Classics), jicheng.tw",https://jicheng.tw/tcm/index.html,shanghan,data/corpus_raw/shanghan/書籍/傷寒補例,"data/shanghan/manifest/corpus_manifest.json (per-file sha256, 1 entries); data/corpus_raw/shanghan/manifest_*.csv; data/corpus_raw/shanghan/書籍/傷寒補例/index.txt <book> block",retrieved from the source repository and organised in the upstream bundle; per-file SHA-256 recorded in this release,1,18510,7832b8b0390f9f913b9af06f3e71ac048b7f001acdd90723ff6c053728b6fd6e,not_stated_in_source,upstream terms of use are not stated in the source bundle; structured layers in this release are distributed under CC BY 4.0 by the dataset authors
SHSRC0033,傷寒論,"中醫典籍資料庫 (Database of Chinese Medical Classics), jicheng.tw",https://jicheng.tw/tcm/index.html,shanghan,data/corpus_raw/shanghan/書籍/傷寒論_條文版,"data/shanghan/manifest/corpus_manifest.json (per-file sha256, 1 entries); data/corpus_raw/shanghan/manifest_*.csv; data/corpus_raw/shanghan/書籍/傷寒論_條文版/index.txt <book> block",retrieved from the source repository and organised in the upstream bundle; per-file SHA-256 recorded in this release,1,35333,ad955866646aae1095d4e2d8bf8e4bce471d44996d6ac511bd3a38bd153403b0,not_stated_in_source,upstream terms of use are not stated in the source bundle; structured layers in this release are distributed under CC BY 4.0 by the dataset authors
SHSRC0034,傷寒論(千金翼方),"中醫典籍資料庫 (Database of Chinese Medical Classics), jicheng.tw",https://jicheng.tw/tcm/index.html,shanghan,data/corpus_raw/shanghan/書籍/傷寒論_千金翼方版,"data/shanghan/manifest/corpus_manifest.json (per-file sha256, 1 entries); data/corpus_raw/shanghan/manifest_*.csv; data/corpus_raw/shanghan/書籍/傷寒論_千金翼方版/index.txt <book> block",retrieved from the source repository and organised in the upstream bundle; per-file SHA-256 recorded in this release,1,28638,0e5a6fb5ef6c117d14928a0a65538f860ce56b82cee67c793e3397199e8331de,not_stated_in_source,upstream terms of use are not stated in the source bundle; structured layers in this release are distributed under CC BY 4.0 by the dataset authors
SHSRC0035,傷寒論(宋本),"中醫典籍資料庫 (Database of Chinese Medical Classics), jicheng.tw",https://jicheng.tw/tcm/index.html,shanghan,data/corpus_raw/shanghan/書籍/傷寒論_宋本,"data/shanghan/manifest/corpus_manifest.json (per-file sha256, 1 entries); data/corpus_raw/shanghan/manifest_*.csv; data/corpus_raw/shanghan/書籍/傷寒論_宋本/index.txt <book> block",retrieved from the source repository and organised in the upstream bundle; per-file SHA-256 recorded in this release,1,50421,e3f8b8354e0e734033bb00be32c8ca864f109a6075ac84976edc50f3bcf1aa24,not_stated_in_source,upstream terms of use are not stated in the source bundle; structured layers in this release are distributed under CC BY 4.0 by the dataset authors
SHSRC0036,傷寒論條辨,"中醫典籍資料庫 (Database of Chinese Medical Classics), jicheng.tw",https://jicheng.tw/tcm/index.html,shanghan,data/corpus_raw/shanghan/書籍/傷寒論條辨,"data/shanghan/manifest/corpus_manifest.json (per-file sha256, 24 entries); data/corpus_raw/shanghan/manifest_*.csv; data/corpus_raw/shanghan/書籍/傷寒論條辨/index.txt <book> block",retrieved from the source repository and organised in the upstream bundle; per-file SHA-256 recorded in this release,24,151532,643f0b75a0c066b799c9f82da10a6a8af4a9a6a3d1c4ed5e145097c841c1c0d5,not_stated_in_source,upstream terms of use are not stated in the source bundle; structured layers in this release are distributed under CC BY 4.0 by the dataset authors
SHSRC0037,傷寒論條辨,"中醫典籍資料庫 (Database of Chinese Medical Classics), jicheng.tw",https://jicheng.tw/tcm/index.html,shanghan,data/corpus_raw/shanghan/書籍/傷寒論條辨_1,"data/shanghan/manifest/corpus_manifest.json (per-file sha256, 10 entries); data/corpus_raw/shanghan/manifest_*.csv; data/corpus_raw/shanghan/書籍/傷寒論條辨_1/index.txt <book> block",retrieved from the source repository and organised in the upstream bundle; per-file SHA-256 recorded in this release,10,137216,c4c9a01b7752c0dbe9aa8b996abd7f7e155b36ecb2b07713e040338a54591406,not_stated_in_source,upstream terms of use are not stated in the source bundle; structured layers in this release are distributed under CC BY 4.0 by the dataset authors
SHSRC0038,傷寒論注,"中醫典籍資料庫 (Database of Chinese Medical Classics), jicheng.tw",https://jicheng.tw/tcm/index.html,shanghan,data/corpus_raw/shanghan/書籍/傷寒論注,"data/shanghan/manifest/corpus_manifest.json (per-file sha256, 8 entries); data/corpus_raw/shanghan/manifest_*.csv; data/corpus_raw/shanghan/書籍/傷寒論注/index.txt <book> block",retrieved from the source repository and organised in the upstream bundle; per-file SHA-256 recorded in this release,8,108439,0cf82d75a624ead2ea0b8c429361ef63824947d33999849591168b995670285b,not_stated_in_source,upstream terms of use are not stated in the source bundle; structured layers in this release are distributed under CC BY 4.0 by the dataset authors
SHSRC0039,傷寒論綱目,"中醫典籍資料庫 (Database of Chinese Medical Classics), jicheng.tw",https://jicheng.tw/tcm/index.html,shanghan,data/corpus_raw/shanghan/書籍/傷寒論綱目,"data/shanghan/manifest/corpus_manifest.json (per-file sha256, 21 entries); data/corpus_raw/shanghan/manifest_*.csv; data/corpus_raw/shanghan/書籍/傷寒論綱目/index.txt <book> block",retrieved from the source repository and organised in the upstream bundle; per-file SHA-256 recorded in this release,21,323485,44f753afc8ceb9e9b22e96065f92e3d128749fc777d2a53837415185c0f08417,not_stated_in_source,upstream terms of use are not stated in the source bundle; structured layers in this release are distributed under CC BY 4.0 by the dataset authors
SHSRC0040,傷寒論翼,"中醫典籍資料庫 (Database of Chinese Medical Classics), jicheng.tw",https://jicheng.tw/tcm/index.html,shanghan,data/corpus_raw/shanghan/書籍/傷寒論翼,"data/shanghan/manifest/corpus_manifest.json (per-file sha256, 1 entries); data/corpus_raw/shanghan/manifest_*.csv; data/corpus_raw/shanghan/書籍/傷寒論翼/index.txt <book> block",retrieved from the source repository and organised in the upstream bundle; per-file SHA-256 recorded in this release,1,42273,5ee9e138c2ea8a3c1993e7614d1253e9d099dec82d10f8a36d2b0a5c5dac3eb2,not_stated_in_source,upstream terms of use are not stated in the source bundle; structured layers in this release are distributed under CC BY 4.0 by the dataset authors
SHSRC0041,傷寒論輯義,"中醫典籍資料庫 (Database of Chinese Medical Classics), jicheng.tw",https://jicheng.tw/tcm/index.html,shanghan,data/corpus_raw/shanghan/書籍/傷寒論輯義,"data/shanghan/manifest/corpus_manifest.json (per-file sha256, 12 entries); data/corpus_raw/shanghan/manifest_*.csv; data/corpus_raw/shanghan/書籍/傷寒論輯義/index.txt <book> block",retrieved from the source repository and organised in the upstream bundle; per-file SHA-256 recorded in this release,12,255911,cf03ea4545e2ef5eb39a952036f6f6114a6064a3dfc3b9530c75f244f80c94bd,not_stated_in_source,upstream terms of use are not stated in the source bundle; structured layers in this release are distributed under CC BY 4.0 by the dataset authors
SHSRC0042,傷寒論辯證廣注,"中醫典籍資料庫 (Database of Chinese Medical Classics), jicheng.tw",https://jicheng.tw/tcm/index.html,shanghan,data/corpus_raw/shanghan/書籍/傷寒論辯證廣注,"data/shanghan/manifest/corpus_manifest.json (per-file sha256, 18 entries); data/corpus_raw/shanghan/manifest_*.csv; data/corpus_raw/shanghan/書籍/傷寒論辯證廣注/index.txt <book> block",retrieved from the source repository and organised in the upstream bundle; per-file SHA-256 recorded in this release,18,233859,20cc36087d5a5f510b621ea63334a9dc8b0a7da1914f08dc2862830dab17317f,not_stated_in_source,upstream terms of use are not stated in the source bundle; structured layers in this release are distributed under CC BY 4.0 by the dataset authors
SHSRC0043,傷寒論類方,"中醫典籍資料庫 (Database of Chinese Medical Classics), jicheng.tw",https://jicheng.tw/tcm/index.html,shanghan,data/corpus_raw/shanghan/書籍/傷寒論類方,"data/shanghan/manifest/corpus_manifest.json (per-file sha256, 1 entries); data/corpus_raw/shanghan/manifest_*.csv; data/corpus_raw/shanghan/書籍/傷寒論類方/index.txt <book> block",retrieved from the source repository and organised in the upstream bundle; per-file SHA-256 recorded in this release,1,44959,2d5861eea703364b312881d797ea5fea92035c448885391d5784fec7fe879849,not_stated_in_source,upstream terms of use are not stated in the source bundle; structured layers in this release are distributed under CC BY 4.0 by the dataset authors
SHSRC0044,傷寒論類方,"中醫典籍資料庫 (Database of Chinese Medical Classics), jicheng.tw",https://jicheng.tw/tcm/index.html,shanghan,data/corpus_raw/shanghan/書籍/傷寒論類方_1,"data/shanghan/manifest/corpus_manifest.json (per-file sha256, 1 entries); data/corpus_raw/shanghan/manifest_*.csv; data/corpus_raw/shanghan/書籍/傷寒論類方_1/index.txt <book> block",retrieved from the source repository and organised in the upstream bundle; per-file SHA-256 recorded in this release,1,45413,b23973f9ddf86db781142ae802a79555e98fa7d14186896b0c1d018cff1ca697,not_stated_in_source,upstream terms of use are not stated in the source bundle; structured layers in this release are distributed under CC BY 4.0 by the dataset authors
SHSRC0045,傷寒貫珠集,"中醫典籍資料庫 (Database of Chinese Medical Classics), jicheng.tw",https://jicheng.tw/tcm/index.html,shanghan,data/corpus_raw/shanghan/書籍/傷寒貫珠集,"data/shanghan/manifest/corpus_manifest.json (per-file sha256, 1 entries); data/corpus_raw/shanghan/manifest_*.csv; data/corpus_raw/shanghan/書籍/傷寒貫珠集/index.txt <book> block",retrieved from the source repository and organised in the upstream bundle; per-file SHA-256 recorded in this release,1,91013,e1c846d48787301b1bf0d26ffcdbcaa31012df6c5a36f66c2176a7baf24a5d14,not_stated_in_source,upstream terms of use are not stated in the source bundle; structured layers in this release are distributed under CC BY 4.0 by the dataset authors
SHSRC0046,傷寒貫珠集,"中醫典籍資料庫 (Database of Chinese Medical Classics), jicheng.tw",https://jicheng.tw/tcm/index.html,shanghan,data/corpus_raw/shanghan/書籍/傷寒貫珠集_1,"data/shanghan/manifest/corpus_manifest.json (per-file sha256, 1 entries); data/corpus_raw/shanghan/manifest_*.csv; data/corpus_raw/shanghan/書籍/傷寒貫珠集_1/index.txt <book> block",retrieved from the source repository and organised in the upstream bundle; per-file SHA-256 recorded in this release,1,91135,84848d2e166fc4b1dcde9b0ed05e73be142203cc56c670be419ffcc6572e8b02,not_stated_in_source,upstream terms of use are not stated in the source bundle; structured layers in this release are distributed under CC BY 4.0 by the dataset authors
SHSRC0047,傷寒辨要箋記,"中醫典籍資料庫 (Database of Chinese Medical Classics), jicheng.tw",https://jicheng.tw/tcm/index.html,shanghan,data/corpus_raw/shanghan/書籍/傷寒辨要箋記,"data/shanghan/manifest/corpus_manifest.json (per-file sha256, 1 entries); data/corpus_raw/shanghan/manifest_*.csv; data/corpus_raw/shanghan/書籍/傷寒辨要箋記/index.txt <book> block",retrieved from the source repository and organised in the upstream bundle; per-file SHA-256 recorded in this release,1,10317,d2e465b2026f8a7b941c5b9896cbd4779916894e81939218c97e3edb3907cb06,not_stated_in_source,upstream terms of use are not stated in the source bundle; structured layers in this release are distributed under CC BY 4.0 by the dataset authors
SHSRC0048,傷寒醫訣串解,"中醫典籍資料庫 (Database of Chinese Medical Classics), jicheng.tw",https://jicheng.tw/tcm/index.html,shanghan,data/corpus_raw/shanghan/書籍/傷寒醫訣串解,"data/shanghan/manifest/corpus_manifest.json (per-file sha256, 1 entries); data/corpus_raw/shanghan/manifest_*.csv; data/corpus_raw/shanghan/書籍/傷寒醫訣串解/index.txt <book> block",retrieved from the source repository and organised in the upstream bundle; per-file SHA-256 recorded in this release,1,31413,1d61f299a9fab888346c0cce17250c4d6e696504a0db60669eb887bdf16c8f12,not_stated_in_source,upstream terms of use are not stated in the source bundle; structured layers in this release are distributed under CC BY 4.0 by the dataset authors
SHSRC0049,傷寒附翼,"中醫典籍資料庫 (Database of Chinese Medical Classics), jicheng.tw",https://jicheng.tw/tcm/index.html,shanghan,data/corpus_raw/shanghan/書籍/傷寒附翼,"data/shanghan/manifest/corpus_manifest.json (per-file sha256, 1 entries); data/corpus_raw/shanghan/manifest_*.csv; data/corpus_raw/shanghan/書籍/傷寒附翼/index.txt <book> block",retrieved from the source repository and organised in the upstream bundle; per-file SHA-256 recorded in this release,1,46175,9cd763a4ce856f84b49d73f1c779ddedbe4b0fa5e4b2690a79dfdaa039d8338a,not_stated_in_source,upstream terms of use are not stated in the source bundle; structured layers in this release are distributed under CC BY 4.0 by the dataset authors
SHSRC0050,傷寒雜病論(桂本),"中醫典籍資料庫 (Database of Chinese Medical Classics), jicheng.tw",https://jicheng.tw/tcm/index.html,shanghan,data/corpus_raw/shanghan/書籍/傷寒雜病論_桂本,"data/shanghan/manifest/corpus_manifest.json (per-file sha256, 1 entries); data/corpus_raw/shanghan/manifest_*.csv; data/corpus_raw/shanghan/書籍/傷寒雜病論_桂本/index.txt <book> block",retrieved from the source repository and organised in the upstream bundle; per-file SHA-256 recorded in this release,1,92429,9be332d97dbb6b0d2180d50b7f2786aef2827cd0e7bf1329c12b0c988b1b82c3,not_stated_in_source,upstream terms of use are not stated in the source bundle; structured layers in this release are distributed under CC BY 4.0 by the dataset authors
SHSRC0051,劉河間傷寒醫鑑,"中醫典籍資料庫 (Database of Chinese Medical Classics), jicheng.tw",https://jicheng.tw/tcm/index.html,shanghan,data/corpus_raw/shanghan/書籍/劉河間傷寒醫鑑,"data/shanghan/manifest/corpus_manifest.json (per-file sha256, 1 entries); data/corpus_raw/shanghan/manifest_*.csv; data/corpus_raw/shanghan/書籍/劉河間傷寒醫鑑/index.txt <book> block",retrieved from the source repository and organised in the upstream bundle; per-file SHA-256 recorded in this release,1,9705,6c12c35b3ec253fe590d2878cda0be382f119f7c7214445eb118d1cba10635f0,not_stated_in_source,upstream terms of use are not stated in the source bundle; structured layers in this release are distributed under CC BY 4.0 by the dataset authors
SHSRC0052,張卿子傷寒論,"中醫典籍資料庫 (Database of Chinese Medical Classics), jicheng.tw",https://jicheng.tw/tcm/index.html,shanghan,data/corpus_raw/shanghan/書籍/張卿子傷寒論,"data/shanghan/manifest/corpus_manifest.json (per-file sha256, 14 entries); data/corpus_raw/shanghan/manifest_*.csv; data/corpus_raw/shanghan/書籍/張卿子傷寒論/index.txt <book> block",retrieved from the source repository and organised in the upstream bundle; per-file SHA-256 recorded in this release,14,132496,9e5a7171dd7097a1c6d66a0eb19971c7e27f37e5e5b3c1007a2c13faa11b0f82,not_stated_in_source,upstream terms of use are not stated in the source bundle; structured layers in this release are distributed under CC BY 4.0 by the dataset authors
SHSRC0053,敖氏傷寒金鏡錄,"中醫典籍資料庫 (Database of Chinese Medical Classics), jicheng.tw",https://jicheng.tw/tcm/index.html,shanghan,data/corpus_raw/shanghan/書籍/敖氏傷寒金鏡錄,"data/shanghan/manifest/corpus_manifest.json (per-file sha256, 1 entries); data/corpus_raw/shanghan/manifest_*.csv; data/corpus_raw/shanghan/書籍/敖氏傷寒金鏡錄/index.txt <book> block",retrieved from the source repository and organised in the upstream bundle; per-file SHA-256 recorded in this release,1,22459,82c8c89810977ef8b61f0cf7921b0b5aa647683fe18243ea833331e79594ad60,not_stated_in_source,upstream terms of use are not stated in the source bundle; structured layers in this release are distributed under CC BY 4.0 by the dataset authors
SHSRC0054,河間傷寒心要,"中醫典籍資料庫 (Database of Chinese Medical Classics), jicheng.tw",https://jicheng.tw/tcm/index.html,shanghan,data/corpus_raw/shanghan/書籍/河間傷寒心要,"data/shanghan/manifest/corpus_manifest.json (per-file sha256, 1 entries); data/corpus_raw/shanghan/manifest_*.csv; data/corpus_raw/shanghan/書籍/河間傷寒心要/index.txt <book> block",retrieved from the source repository and organised in the upstream bundle; per-file SHA-256 recorded in this release,1,4576,1fe6890b464c43d2fbeb81b7d63fa793e1a307ded77b2f5c127467c5a7deee84,not_stated_in_source,upstream terms of use are not stated in the source bundle; structured layers in this release are distributed under CC BY 4.0 by the dataset authors
SHSRC0055,註解傷寒論,"中醫典籍資料庫 (Database of Chinese Medical Classics), jicheng.tw",https://jicheng.tw/tcm/index.html,shanghan,data/corpus_raw/shanghan/書籍/註解傷寒論,"data/shanghan/manifest/corpus_manifest.json (per-file sha256, 14 entries); data/corpus_raw/shanghan/manifest_*.csv; data/corpus_raw/shanghan/書籍/註解傷寒論/index.txt <book> block",retrieved from the source repository and organised in the upstream bundle; per-file SHA-256 recorded in this release,14,120917,89e6616bd8ff2847792bec71db8e22830bf327cf1cbc11f8c1e29c209b282324,not_stated_in_source,upstream terms of use are not stated in the source bundle; structured layers in this release are distributed under CC BY 4.0 by the dataset authors
SHSRC0056,曹氏傷寒金匱發微合刊,"中醫典籍資料庫 (Database of Chinese Medical Classics), jicheng.tw",https://jicheng.tw/tcm/index.html,shanghan_jingui_combined,data/corpus_raw/shanghan_jingui_combined/書籍/曹氏傷寒金匱發微合刊,"data/shanghan/manifest/corpus_manifest.json (per-file sha256, 48 entries); data/corpus_raw/shanghan_jingui_combined/manifest_*.csv; data/corpus_raw/shanghan_jingui_combined/書籍/曹氏傷寒金匱發微合刊/index.txt <book> block",retrieved from the source repository and organised in the upstream bundle; per-file SHA-256 recorded in this release,48,291991,4e2a6246de3094869fc30d00026cfee75415225e302b561c48277757234f3be4,not_stated_in_source,upstream terms of use are not stated in the source bundle; structured layers in this release are distributed under CC BY 4.0 by the dataset authors
SHSRC0057,經方實驗錄,"中醫典籍資料庫 (Database of Chinese Medical Classics), jicheng.tw",https://jicheng.tw/tcm/index.html,yian_cases,data/corpus_raw/yian_cases/書籍/經方實驗錄,"data/shanghan/manifest/corpus_manifest.json (per-file sha256, 104 entries); data/corpus_raw/yian_cases/manifest_*.csv; data/corpus_raw/yian_cases/書籍/經方實驗錄/index.txt <book> block",retrieved from the source repository and organised in the upstream bundle; per-file SHA-256 recorded in this release,104,116808,4b74427353807ec18611c513e4113cbc7f86513558c99a1ae027161d3caa112b,not_stated_in_source,upstream terms of use are not stated in the source bundle; structured layers in this release are distributed under CC BY 4.0 by the dataset authors
